head,prompt_count,base_token_prob_delta_mean,base_token_prob_decrease_ratio,base_token_changed_ratio,base_token_logit_delta_mean,base_token_rank_post_mean,entropy_delta_mean,kl_divergence_mean
L11.H11,16,-0.2744712829589844,1.0,0.3125,-1.853515625,2,1.674171268939972,0.4013761216774583
L12.H8,16,-0.22378158569335938,1.0,0.125,-1.4384765625,1,1.4306815266609192,0.22739781672134995
L15.H7,16,-0.13976669311523438,1.0,0.0625,-0.87353515625,1,0.9080126136541367,0.13704812387004495
L9.H15,16,-0.13030624389648438,1.0,0.0,-0.857421875,1,0.8641120195388794,0.08398396731354296
L16.H6,16,-0.12104034423828125,1.0,0.0625,-0.77099609375,1,0.8089973032474518,0.06519137613940984
