head,prompt_count,base_token_prob_delta_mean,base_token_prob_decrease_ratio,base_token_changed_ratio,base_token_logit_delta_mean,base_token_rank_post_mean,entropy_delta_mean,kl_divergence_mean,donor_token_prob_delta_mean,donor_token_prob_increase_rate_mean,donor_token_logit_delta_mean,donor_token_rank_pre_mean,donor_token_rank_post_mean,donor_token_rank_increased_ratio
L12.H0,159,-0.2944930184562251,0.949685534591195,0.7484276729559748,-2.4865369496855347,12,0.7557207769567862,1.3833707607579682,0.012151303531238868,15883.388367870213,2.2151243581711872,2068,338,0.8805031446540881
L22.H2,159,-0.05187700379569576,0.8301886792452831,0.0880503144654088,-0.4386792452830189,1,0.35623068479621933,0.04324093763350433,0.003439984606496943,1878.058102836359,1.1171855806554638,2068,954,0.9685534591194969
L11.H10,159,-0.04850692269187303,0.7232704402515723,0.2138364779874214,-0.294811320754717,1,0.14619580492283563,0.1445002839439285,-2.8533005864365294e-05,1126.2748946117217,0.5710068708695706,2068,1107,0.7861635220125787
