head,prompt_count,base_token_prob_delta_mean,base_token_prob_decrease_ratio,base_token_changed_ratio,base_token_logit_delta_mean,base_token_rank_post_mean,entropy_delta_mean,kl_divergence_mean
L11.H11,20,-0.19591064453125,1.0,0.1,-1.39765625,1,1.3661511659622192,0.24429879933595658
L12.H8,20,-0.1540771484375,1.0,0.05,-1.1234375,1,1.1060646295547485,0.12015438042581081
L15.H7,20,-0.107379150390625,0.9,0.0,-0.6328125,1,0.7457269191741943,0.13879636330530049
L16.H6,20,-0.09884033203125,1.0,0.0,-0.749609375,1,0.7248514235019684,0.05068956930190325
L9.H15,20,-0.093902587890625,1.0,0.0,-0.741796875,1,0.7191028714179992,0.053786329738795755
L14.H4,20,-0.065850830078125,1.0,0.0,-0.5078125,1,0.4668436050415039,0.022237016679719092
L23.H9,20,-0.054425048828125,0.85,0.05,-0.505859375,1,0.3267640471458435,0.012349022075068206
L8.H7,20,-0.048638916015625,1.0,0.0,-0.484375,1,0.4667645275592804,0.024628895008936523
L14.H5,20,-0.047442626953125,1.0,0.0,-0.371484375,1,0.3541214108467102,0.013444851688109338
