head,prompt_count,base_token_prob_delta_mean,base_token_prob_decrease_ratio,base_token_changed_ratio,base_token_logit_delta_mean,base_token_rank_post_mean,entropy_delta_mean,kl_divergence_mean,donor_token_prob_delta_mean,donor_token_prob_increase_rate_mean,donor_token_logit_delta_mean,donor_token_rank_pre_mean,donor_token_rank_post_mean,donor_token_rank_increased_ratio
L12.H0,30,-0.16628456115722656,0.8,0.5666666666666667,-1.0630208333333333,4,0.33342564006646475,0.5067894600331784,0.02364601492881775,8.12190179883651,1.241015625,33,14,0.8666666666666667
L13.H6,30,-0.1038482666015625,1.0,0.43333333333333335,-0.5643229166666667,2,0.2601561933755875,0.22770227786774436,0.029571932554244996,4.194706604377483,1.1815104166666666,33,20,0.9333333333333333
L7.H7,30,-0.03192545572916667,0.7,0.26666666666666666,-0.2046875,1,0.11965490480264028,0.07136134225875139,0.005136110385258992,0.9030034760304149,0.47799479166666664,33,24,0.8
L10.H8,30,-0.012797037760416666,0.5666666666666667,0.06666666666666667,0.002864583333333333,1,0.021607260902722678,0.035078132059425116,0.003285147746404012,0.7360876052523407,0.49075520833333336,33,25,0.8
L13.H2,30,9.969075520833333e-05,0.43333333333333335,0.06666666666666667,-0.016927083333333332,1,0.007857462763786316,0.018132081426059207,0.00017115275065104167,0.3511327441903293,0.20520833333333333,33,27,0.6666666666666666
L22.H2,30,-0.0062520345052083336,0.6666666666666666,0.06666666666666667,-0.0515625,1,0.03684036334355672,0.004390689325130855,0.001682223876317342,0.2572388937894685,0.182421875,33,29,0.6666666666666666
L13.H1,30,-0.0017049153645833333,0.6666666666666666,0.2,-0.034895833333333334,1,0.03045832614103953,0.019920480577275156,-0.0005580206712086995,0.325589793163662,0.18151041666666667,33,29,0.5333333333333333
