head,prompt_count,base_token_prob_delta_mean,base_token_prob_decrease_ratio,base_token_changed_ratio,base_token_logit_delta_mean,base_token_rank_post_mean,entropy_delta_mean,kl_divergence_mean,donor_token_prob_delta_mean,donor_token_prob_increase_rate_mean,donor_token_logit_delta_mean,donor_token_rank_pre_mean,donor_token_rank_post_mean,donor_token_rank_increased_ratio
L18.H4,37,-0.02883086333403716,0.9459459459459459,0.1891891891891892,-0.3452280405405405,1,0.20333665770453377,0.029287253355456365,0.001307426272211848,2.863428491222313,1.020626583614865,1186,633,1.0
L12.H8,37,-0.03976883759369721,0.8108108108108109,0.32432432432432434,-0.7994087837837838,3,0.3972591451696447,0.18012698034982424,0.0015791670696155445,7.5467254752276745,0.9413930532094594,1186,722,0.8918918918918919
L15.H6,37,-0.023155418602195946,0.8378378378378378,0.1891891891891892,-0.29603040540540543,1,0.2142147244633855,0.056796229117222735,0.0007569322714934478,2.6810820763260574,0.9032279349662162,1186,808,0.972972972972973
