head,prompt_count,base_token_prob_delta_mean,base_token_prob_decrease_ratio,base_token_changed_ratio,base_token_logit_delta_mean,base_token_rank_post_mean,entropy_delta_mean,kl_divergence_mean,donor_token_prob_delta_mean,donor_token_prob_increase_rate_mean,donor_token_logit_delta_mean,donor_token_rank_pre_mean,donor_token_rank_post_mean,donor_token_rank_increased_ratio
L15.H7,20,-0.2491943359375,1.0,0.25,-1.326171875,2,1.048751848936081,0.49943809658288957,0.11337971091270446,354.0032574915293,4.23984375,228,3,0.95
L17.H6,20,-0.035968017578125,1.0,0.05,-0.22734375,1,0.2667542636394501,0.024424736469518392,0.00522950291633606,5.651780367716144,1.3693359375,228,53,0.95
L17.H0,20,-0.016876220703125,0.75,0.0,-0.103125,1,0.11948631405830383,0.00576343428256223,0.0016181319952011108,1.316555953101102,0.651171875,228,104,0.95
