head,prompt_count,base_token_prob_delta_mean,base_token_prob_decrease_ratio,base_token_changed_ratio,base_token_logit_delta_mean,base_token_rank_post_mean,entropy_delta_mean,kl_divergence_mean
L11.H11,11,-0.2322020097212358,1.0,0.5454545454545454,-1.9041193181818181,2,1.3045284314589067,0.32784603942524304
L12.H8,11,-0.17938371138139206,1.0,0.36363636363636365,-1.3657670454545454,2,1.0742069591175427,0.16103810613805597
L9.H15,11,-0.11325628107244318,1.0,0.18181818181818182,-0.8955965909090909,1,0.7036431485956366,0.07328351366926324
L15.H7,11,-0.10982721502130682,1.0,0.2727272727272727,-0.7926136363636364,1,0.7137070135636763,0.12738611142743717
L16.H6,11,-0.10601251775568182,1.0,0.09090909090909091,-0.7684659090909091,1,0.663928053595803,0.04943164285611023
L5.H9,11,-0.07920143821022728,1.0,0.2727272727272727,-0.5021306818181818,1,0.13629631562666458,0.06848436289212921
L14.H4,11,-0.07708185369318182,1.0,0.09090909090909091,-0.5340909090909091,1,0.472387357191606,0.03128049641170285
