head,prompt_count,base_token_prob_delta_mean,base_token_prob_decrease_ratio,base_token_changed_ratio,base_token_logit_delta_mean,base_token_rank_post_mean,entropy_delta_mean,kl_divergence_mean,donor_token_prob_delta_mean,donor_token_prob_increase_rate_mean,donor_token_logit_delta_mean,donor_token_rank_pre_mean,donor_token_rank_post_mean,donor_token_rank_increased_ratio
L15.H7,16,-0.12943267822265625,0.9375,0.3125,-0.75146484375,2,0.5610907971858978,0.1672699508490041,0.025828752666711807,41.575695155930134,2.417724609375,206,18,1.0
L17.H6,16,-0.04079437255859375,0.875,0.0625,-0.2509765625,1,0.22968219220638275,0.05147787870373577,0.007648780941963196,9.586009978187917,1.13330078125,206,79,0.9375
L13.H1,16,-0.02164459228515625,0.6875,0.0625,-0.10791015625,1,0.0944788008928299,0.014727088913787156,0.0037522800266742706,1.445915771890419,0.7890625,206,91,0.9375
L14.H7,16,-0.01263427734375,0.6875,0.125,-0.0703125,1,0.06857326626777649,0.014074248378165066,0.001289650797843933,0.9771674962809583,0.593017578125,206,112,0.875
L15.H3,16,-0.0348968505859375,0.875,0.0,-0.12939453125,1,0.13124975562095642,0.018653421296903616,0.006230093538761139,0.7833379865051262,0.48681640625,206,130,0.875
L16.H2,16,-0.03334808349609375,0.8125,0.0,-0.158203125,1,0.16403789818286896,0.01984238988279685,0.0006015971302986145,0.9390337377658242,0.45068359375,206,149,0.8125
L16.H6,16,-0.01786041259765625,0.4375,0.0,-0.0908203125,1,0.0874314159154892,0.013678788338438608,0.0014311112463474274,0.6280647008637434,0.364013671875,206,160,0.8125
