head,prompt_count,base_token_prob_delta_mean,base_token_prob_decrease_ratio,base_token_changed_ratio,base_token_logit_delta_mean,base_token_rank_post_mean,entropy_delta_mean,kl_divergence_mean,donor_token_prob_delta_mean,donor_token_prob_increase_rate_mean,donor_token_logit_delta_mean,donor_token_rank_pre_mean,donor_token_rank_post_mean,donor_token_rank_increased_ratio
L18.H8,49,-0.046095244738520405,0.7959183673469388,0.02040816326530612,-0.28746811224489793,1,0.32146462372371126,0.02783108433727555,0.0011188996081449548,5.506603730358581,0.8262117346938775,467,221,0.9183673469387755
L13.H15,49,-0.05157097018494898,0.9183673469387755,0.10204081632653061,-0.31345663265306123,1,0.35271558712939827,0.026714018641077742,0.0011749401384470413,2.018521170579047,0.6680484693877551,467,279,0.8979591836734694
L11.H6,49,-0.02194774394132653,0.7959183673469388,0.02040816326530612,-0.03714923469387755,1,0.1406724452972412,0.02273525983779406,0.0014532938295481156,1.3373755408414272,0.8059630102040817,467,291,1.0
