head,prompt_count,base_token_prob_delta_mean,base_token_prob_decrease_ratio,base_token_changed_ratio,base_token_logit_delta_mean,base_token_rank_post_mean,entropy_delta_mean,kl_divergence_mean
L11.H11,7,-0.14553070068359375,1.0,0.8571428571428571,-1.96875,5,0.8220632416861398,0.36576306181294577
L12.H8,7,-0.1192779541015625,1.0,0.7142857142857143,-1.4040178571428572,3,0.8276321547372001,0.18280710386378424
L9.H15,7,-0.08257184709821429,1.0,0.42857142857142855,-0.8738839285714286,2,0.48047164508274626,0.08229128537433487
L15.H7,7,-0.07029070172991071,0.8571428571428571,0.42857142857142855,-0.6875,2,0.41292316573006765,0.1312928061400141
L17.H6,7,-0.057041713169642856,0.8571428571428571,0.2857142857142857,-0.5703125,1,0.6044913700648716,0.11006189084478787
L16.H6,7,-0.05702427455357143,1.0,0.2857142857142857,-0.5993303571428571,1,0.45952180453709196,0.03778874102447714
L11.H3,7,-0.054783412388392856,1.0,0.2857142857142857,-0.4609375,1,0.268442017691476,0.03323871136776039
