head,prompt_count,base_token_prob_delta_mean,base_token_prob_decrease_ratio,base_token_changed_ratio,base_token_logit_delta_mean,base_token_rank_post_mean,entropy_delta_mean,kl_divergence_mean
L23.H9,40,-0.03212890625,0.95,0.025,-0.5560546875,1,0.35254403948783875,0.0223403716692701
L11.H11,40,-0.02825775146484375,0.85,0.35,-0.3763671875,1,0.27288538217544556,0.04779191673733294
L10.H9,40,-0.02742919921875,0.95,0.125,-0.370703125,1,0.34656394720077516,0.027931870566681026
L11.H13,40,-0.026970672607421874,0.9,0.15,0.0630859375,1,0.011005574464797973,0.042701976466923953
L14.H5,40,-0.025460052490234374,0.7,0.425,-0.253515625,2,0.1336467981338501,0.06723196000093594
