head,prompt_count,base_token_prob_delta_mean,base_token_prob_decrease_ratio,base_token_changed_ratio,base_token_logit_delta_mean,base_token_rank_post_mean,entropy_delta_mean,kl_divergence_mean,donor_token_prob_delta_mean,donor_token_prob_increase_rate_mean,donor_token_logit_delta_mean,donor_token_rank_pre_mean,donor_token_rank_post_mean,donor_token_rank_increased_ratio
L14.H5,175,-0.02079768589564732,0.8342857142857143,0.1657142857142857,-0.2528125,1,0.19010833603995186,0.03376278377803309,0.002139404160635812,1.6971809278815249,0.7632366071428571,354,201,0.9657142857142857
L18.H4,175,-0.00824092320033482,0.8342857142857143,0.10857142857142857,-0.11321428571428571,1,0.09566704545702254,0.01297798767552844,0.0011783647537231445,0.7639387397251903,0.4912723214285714,354,247,0.96
L18.H2,175,-0.009093497140066964,0.7714285714285715,0.14285714285714285,-0.13691964285714286,1,0.09339088371821812,0.014797631754939046,0.0009767637934003557,0.5816084929214691,0.39176339285714284,354,273,0.9485714285714286
