head,prompt_count,base_token_prob_delta_mean,base_token_prob_decrease_ratio,base_token_changed_ratio,base_token_logit_delta_mean,base_token_rank_post_mean,entropy_delta_mean,kl_divergence_mean
L12.H8,79,-0.07600035848496836,0.8860759493670886,0.0759493670886076,-0.3985363924050633,1,0.4062297955343995,0.05166549311031269
L14.H2,79,-0.06164512151404272,0.759493670886076,0.1518987341772152,-0.30448971518987344,1,0.3742987030669104,0.11267773761072114
L14.H5,79,-0.048854779593552215,0.8607594936708861,0.05063291139240506,-0.25435126582278483,1,0.2547085553030424,0.03101621274659528
L16.H6,79,-0.04674018183840981,0.8481012658227848,0.0759493670886076,-0.21607990506329114,1,0.23918558449684818,0.025910556731934223
L23.H9,79,-0.04647711258900317,0.9746835443037974,0.10126582278481013,-0.6761273734177216,1,0.1902464847021465,0.017295435813691796
L15.H7,79,-0.04430843304984177,0.7088607594936709,0.10126582278481013,-0.2366495253164557,1,0.20822884085812146,0.06062635508309932
L9.H3,79,-0.037711227996439875,0.8607594936708861,0.0759493670886076,-0.18393987341772153,1,0.21514961538435537,0.014999675457262659
L11.H11,79,-0.036595984350276896,0.8354430379746836,0.06329113924050633,-0.16762262658227847,1,0.2013902196401282,0.01679479148934442
L11.H1,79,-0.02607437326938291,0.810126582278481,0.05063291139240506,-0.15140427215189872,1,0.13609228783015964,0.009058890698103329
