head,prompt_count,base_token_prob_delta_mean,base_token_prob_decrease_ratio,base_token_changed_ratio,base_token_logit_delta_mean,base_token_rank_post_mean,entropy_delta_mean,kl_divergence_mean,donor_token_prob_delta_mean,donor_token_prob_increase_rate_mean,donor_token_logit_delta_mean,donor_token_rank_pre_mean,donor_token_rank_post_mean,donor_token_rank_increased_ratio
L15.H7,99,-0.06516181098090278,0.7474747474747475,0.09090909090909091,-0.4812973484848485,1,0.3167372482142063,0.09983803082352759,0.004918917260988794,3046.537343566625,2.019491792929293,420,127,0.9797979797979798
L13.H6,99,-0.045215028705018936,0.8282828282828283,0.12121212121212122,-0.4494949494949495,1,0.24093776158612185,0.0601198138255212,0.0043044620090060765,606.6290251801126,1.1547111742424243,420,204,0.9393939393939394
L15.H3,99,-0.016190345841224748,0.5656565656565656,0.06060606060606061,-0.12136994949494949,1,0.06639086108918142,0.027293958635930197,0.0009091189413359671,3614.870418693558,0.6383562184343434,420,267,0.7272727272727273
