head,prompt_count,base_token_prob_delta_mean,base_token_prob_decrease_ratio,base_token_changed_ratio,base_token_logit_delta_mean,base_token_rank_post_mean,entropy_delta_mean,kl_divergence_mean
L11.H1,199,-0.2870325371248638,0.9949748743718593,0.40703517587939697,-2.015840923366834,6,1.2778360237877573,0.711850684772634
L12.H13,199,-0.21437067003106353,0.8944723618090452,0.2663316582914573,-1.094809987437186,4,1.1891556462301083,0.5939288649090271
L6.H3,199,-0.15936023386279544,0.9447236180904522,0.18090452261306533,-1.4319645100502512,2,1.0128857450718856,0.29650416324645207
L12.H0,199,-0.10362257070876846,0.7286432160804021,0.2663316582914573,-0.8501884422110553,3,0.3251024116972583,0.3933108167081659
L12.H15,199,-0.10070072346596262,0.9195979899497487,0.12060301507537688,-0.6332836055276382,1,0.5006804386874539,0.1291881656044879
L7.H7,199,-0.08774344286127905,0.7989949748743719,0.1708542713567839,-0.7187892587939698,1,0.46237833094057723,0.1555343791263309
L13.H6,199,-0.07761260372909469,0.7989949748743719,0.10552763819095477,-0.4254475502512563,1,0.3325931278979359,0.14794888848324197
