head,prompt_count,base_token_prob_delta_mean,base_token_prob_decrease_ratio,base_token_changed_ratio,base_token_logit_delta_mean,base_token_rank_post_mean,entropy_delta_mean,kl_divergence_mean,donor_token_prob_delta_mean,donor_token_prob_increase_rate_mean,donor_token_logit_delta_mean,donor_token_rank_pre_mean,donor_token_rank_post_mean,donor_token_rank_increased_ratio
L18.H4,37,-0.02883086333403716,0.9459459459459459,0.1891891891891892,-0.3452280405405405,1,0.20333665770453377,0.029287253355456365,0.001307426272211848,2.863428491222313,1.020626583614865,1186,633,1.0
L12.H8,37,-0.03976883759369721,0.8108108108108109,0.32432432432432434,-0.7994087837837838,3,0.3972591451696447,0.18012698034982424,0.0015791670696155445,7.5467254752276745,0.9413930532094594,1186,722,0.8918918918918919
L15.H6,37,-0.023155418602195946,0.8378378378378378,0.1891891891891892,-0.29603040540540543,1,0.2142147244633855,0.056796229117222735,0.0007569322714934478,2.6810820763260574,0.9032279349662162,1186,808,0.972972972972973
L16.H0,37,-0.00538841453758446,0.5945945945945946,0.05405405405405406,-0.05342060810810811,1,0.031170638831886085,0.005778272651966561,0.0004940016849620922,0.5195646017872847,0.23620935388513514,1186,962,0.8918918918918919
L16.H6,37,-0.004557016733530405,0.5675675675675675,0.05405405405405406,-0.05320945945945946,1,0.05428993379747545,0.006904501225673468,0.00019179647033279007,0.3991118582225175,0.2915698902027027,1186,1000,0.9459459459459459
L18.H2,37,-0.006266001108530405,0.7297297297297297,0.05405405405405406,-0.0694679054054054,1,0.057444791536073424,0.007327318462115285,0.00010388928490716057,0.3931121632455424,0.25811602618243246,1186,1017,0.918918918918919
L14.H5,37,-0.005036225190033784,0.6756756756756757,0.13513513513513514,-0.06461148648648649,1,0.052402625212798246,0.01864752347889432,0.00043878684172759185,0.6230836618327823,0.3615656672297297,1186,1038,0.8108108108108109
L18.H8,37,-0.013192666543496621,0.6756756756756757,0.16216216216216217,-0.14421452702702703,1,0.06249029571945603,0.008733874780748895,0.0003269491968928157,0.547273746501528,0.28955078125,1186,1055,0.7837837837837838
L13.H5,37,-0.006518389727618243,0.6756756756756757,0.08108108108108109,-0.14252533783783783,1,0.09407861168320114,0.034907814719387004,1.2302720868909682e-05,0.40799591925831447,0.22169288429054054,1186,1055,0.7837837837837838
