head,prompt_count,base_token_prob_delta_mean,base_token_prob_decrease_ratio,base_token_changed_ratio,base_token_logit_delta_mean,base_token_rank_post_mean,entropy_delta_mean,kl_divergence_mean,donor_token_prob_delta_mean,donor_token_prob_increase_rate_mean,donor_token_logit_delta_mean,donor_token_rank_pre_mean,donor_token_rank_post_mean,donor_token_rank_increased_ratio
L14.H2,79,-0.15887653978565072,0.8227848101265823,0.3670886075949367,-1.089003164556962,2,0.6155759473390217,0.38528813494817366,0.00638766002051438,94425.28810923529,2.7256199317642404,979,159,0.9493670886075949
L16.H6,79,-0.03769229937203323,0.7215189873417721,0.0379746835443038,-0.20292721518987342,1,0.21827287726764438,0.03628478478640318,0.0006786962098713163,756.975105227508,0.8852569966376582,979,493,0.8860759493670886
L15.H7,79,-0.08553265921677215,0.7721518987341772,0.17721518987341772,-0.5275909810126582,1,0.3619586765011655,0.139653791614537,0.0005816726744929447,8300.994933100168,0.3689150267009494,979,621,0.6962025316455697
