head,prompt_count,base_token_prob_delta_mean,base_token_prob_decrease_ratio,base_token_changed_ratio,base_token_logit_delta_mean,base_token_rank_post_mean,entropy_delta_mean,kl_divergence_mean
L15.H7,28,-0.12466648646763392,1.0,0.03571428571428571,-0.564453125,1,0.5729800718171256,0.06847448425001598
L12.H8,28,-0.07943943568638392,1.0,0.0,-0.5594308035714286,1,0.5368022407804217,0.03236229185547147
L11.H11,28,-0.07172720772879464,0.9642857142857143,0.03571428571428571,-0.5837053571428571,1,0.5137139303343636,0.05226536540846739
