head,prompt_count,base_token_prob_delta_mean,base_token_prob_decrease_ratio,base_token_changed_ratio,base_token_logit_delta_mean,base_token_rank_post_mean,entropy_delta_mean,kl_divergence_mean
L5.H3,43,-0.0612388433412064,0.9302325581395349,0.46511627906976744,-0.8290334302325582,3,0.5418312715929609,0.1564008557172709
L9.H11,43,-0.052269159361373545,0.9069767441860465,0.27906976744186046,-0.7252906976744186,1,0.5246822667676349,0.10356680840946907
L3.H15,43,-0.034683937250181686,1.0,0.20930232558139536,-0.4636627906976744,1,0.357597456421963,0.032082873970530064
L14.H5,43,-0.033997291742369186,0.9534883720930233,0.20930232558139536,-0.4558502906976744,1,0.39404342895330385,0.047086329459277695
L12.H8,43,-0.031493430913880814,0.9069767441860465,0.13953488372093023,-0.4344113372093023,1,0.3917422738186149,0.03617912755066226
L1.H5,43,-0.029116608375726744,0.8837209302325582,0.20930232558139536,-0.34629360465116277,1,0.3000663158505462,0.028299981338340184
L1.H11,43,-0.025210358375726744,0.9767441860465116,0.18604651162790697,-0.24709302325581395,1,0.19740656919257585,0.01088471977083489
