head,prompt_count,base_token_prob_delta_mean,base_token_prob_decrease_ratio,base_token_changed_ratio,base_token_logit_delta_mean,base_token_rank_post_mean,entropy_delta_mean,kl_divergence_mean
L9.H2,165,-0.1302150841915246,0.8848484848484849,0.2606060606060606,-1.2034564393939393,1,0.7218798279762269,0.22808864053451652
L11.H11,165,-0.05877204663825757,0.7696969696969697,0.13333333333333333,-0.7933712121212121,1,0.3883443781823823,0.06811075383853732
L9.H11,165,-0.056706838896780305,0.8666666666666667,0.10909090909090909,-0.6177083333333333,1,0.42974876057017936,0.04093695292249322
L11.H1,165,-0.04843343098958333,0.8181818181818182,0.12121212121212122,-0.5106534090909091,1,0.34544604763840187,0.03896687190810388
L13.H6,165,-0.04815044981060606,0.7272727272727273,0.15757575757575756,-0.5957859848484849,1,0.34492957230770227,0.08865908052433621
