head,prompt_count,base_token_prob_delta_mean,base_token_prob_decrease_ratio,base_token_changed_ratio,base_token_logit_delta_mean,base_token_rank_post_mean,entropy_delta_mean,kl_divergence_mean
L16.H2,56,-0.05452837262834821,0.8214285714285714,0.017857142857142856,-0.26157924107142855,1,0.20346034158553397,0.05911292223858514
L12.H8,56,-0.04741886683872768,0.75,0.14285714285714285,-0.33970424107142855,1,0.129903038165399,0.051316313412306566
L11.H1,56,-0.03315952845982143,0.7142857142857143,0.07142857142857142,-0.22502790178571427,1,0.1409906686416694,0.041078575392020866
L11.H11,56,-0.03169032505580357,0.7142857142857143,0.05357142857142857,-0.16657366071428573,1,0.09222580066749028,0.033362731620270224
L14.H5,56,-0.028965541294642856,0.7321428571428571,0.03571428571428571,-0.1669921875,1,0.11285863603864398,0.023398765296276127
L23.H9,56,-0.027239118303571428,0.875,0.07142857142857142,-0.5961216517857143,1,0.19585725186126574,0.01006370288502824
L15.H7,56,-0.02277374267578125,0.5714285714285714,0.03571428571428571,-0.06263950892857142,1,0.0667157673410007,0.012905789566242934
