head,prompt_count,base_token_prob_delta_mean,base_token_prob_decrease_ratio,base_token_changed_ratio,base_token_logit_delta_mean,base_token_rank_post_mean,entropy_delta_mean,kl_divergence_mean
L9.H2,50,-0.017366943359375,0.98,0.16,-0.47234375,1,0.24610156059265137,0.03938794799149036
L12.H8,50,-0.016957550048828124,0.96,0.12,-0.32546875,1,0.21349953651428222,0.015170122040435672
L23.H6,50,-0.01211761474609375,0.86,0.16,-0.25875,1,0.13273372650146484,0.014415349401533604
L23.H9,50,-0.0117803955078125,0.8,0.2,-0.31703125,1,0.11777236938476562,0.008556842105463147
L18.H2,50,-0.01163665771484375,0.78,0.12,-0.3034375,1,0.1927831554412842,0.016760663036257027
L16.H4,50,-0.01144805908203125,0.88,0.12,-0.166875,1,0.08759028434753419,0.009375465514604003
L22.H0,50,-0.010682525634765625,0.78,0.12,-0.23234375,1,0.12161240577697754,0.01614731227979064
L11.H1,50,-0.0094281005859375,0.76,0.18,-0.1046875,1,0.11313714981079101,0.0121338692586869
L8.H15,50,-0.0087957763671875,0.88,0.1,-0.31375,1,0.11876165390014648,0.009058659095317126
