head,prompt_count,base_token_prob_delta_mean,base_token_prob_decrease_ratio,base_token_changed_ratio,base_token_logit_delta_mean,base_token_rank_post_mean,entropy_delta_mean,kl_divergence_mean
L23.H9,70,-0.027780805315290178,0.9285714285714286,0.17142857142857143,-0.46785714285714286,1,0.28915699550083707,0.014669652090274862
L9.H7,70,-0.02732914515904018,0.8142857142857143,0.21428571428571427,-0.4094866071428571,1,0.27128470965794155,0.0527340758059706
L14.H8,70,-0.018091038295200892,0.8285714285714286,0.12857142857142856,-0.20066964285714287,1,0.19532868521554128,0.02714713178575039
L16.H15,70,-0.015287344796316965,0.6714285714285714,0.07142857142857142,-0.15357142857142858,1,0.13010513441903251,0.02481611537956009
L14.H5,70,-0.014260428292410714,0.7428571428571429,0.07142857142857142,-0.15066964285714285,1,0.1724209955760411,0.023983591997862926
