head,prompt_count,base_token_prob_delta_mean,base_token_prob_decrease_ratio,base_token_changed_ratio,base_token_logit_delta_mean,base_token_rank_post_mean,entropy_delta_mean,kl_divergence_mean
L13.H2,100,-0.21410728454589845,0.94,0.22,-1.49203125,1,1.2388450115919114,0.296287738471292
L11.H1,100,-0.073165283203125,0.94,0.03,-0.671640625,1,0.5415039670467376,0.04748023307416588
L14.H12,100,-0.0525616455078125,0.79,0.02,-0.343203125,1,0.3304819756746292,0.028150007238727993
L23.H9,100,-0.03724853515625,0.92,0.03,-0.502109375,1,0.2791896525025368,0.009559190818108618
L9.H11,100,-0.0251220703125,0.9,0.03,-0.199375,1,0.172577320933342,0.006057880076696165
L14.H5,100,-0.02443634033203125,0.62,0.07,-0.147421875,1,0.16248683422803878,0.021214084898238072
L16.H8,100,-0.0244268798828125,0.89,0.01,-0.117578125,1,0.16957309275865554,0.006964457182039041
