head,prompt_count,base_token_prob_delta_mean,base_token_prob_decrease_ratio,base_token_changed_ratio,base_token_logit_delta_mean,base_token_rank_post_mean,entropy_delta_mean,kl_divergence_mean,donor_token_prob_delta_mean,donor_token_prob_increase_rate_mean,donor_token_logit_delta_mean,donor_token_rank_pre_mean,donor_token_rank_post_mean,donor_token_rank_increased_ratio
L14.H5,41,-0.0711822509765625,0.8048780487804879,0.24390243902439024,-0.6432926829268293,2,0.4770790556582009,0.16104808810916615,0.002588144162806069,11.30352148690437,0.6762576219512195,240,111,0.8048780487804879
L13.H15,41,-0.018320967511432928,0.7317073170731707,0.0975609756097561,-0.1480564024390244,1,0.11817149418156321,0.022164271701490733,0.0005054793706754359,0.5947513620779941,0.2684832317073171,240,166,0.6341463414634146
L22.H2,41,-0.040473751905487805,0.8292682926829268,0.21951219512195122,-0.36623475609756095,1,0.27812168365571555,0.04332110475430765,0.006787933954378453,1.6136052704781316,0.6573932926829268,240,183,0.975609756097561
L11.H6,41,-0.022258479420731708,0.6829268292682927,0.12195121951219512,-0.20769817073170732,1,0.17509738555768642,0.04517591261395776,0.006515360460048769,1.3719536809298105,0.4888528963414634,240,185,0.8048780487804879
L22.H0,41,-0.014914908060213415,0.7073170731707317,0.17073170731707318,-0.14557926829268292,1,0.1129750231417214,0.027763961587192083,0.001894748792415712,0.607488899744121,0.3474657012195122,240,191,0.8536585365853658
L11.H1,41,-0.045588795731707314,0.8292682926829268,0.14634146341463414,-0.40072408536585363,1,0.2991495059757698,0.05643989359278504,0.0025523057798059975,1.3919952016913644,0.4616044207317073,240,193,0.7560975609756098
L16.H6,41,-0.026516053734756097,0.8048780487804879,0.04878048780487805,-0.19264481707317074,1,0.16331925479377188,0.019963329742384347,-4.70135270095453e-05,0.4981260585937871,0.22932545731707318,240,199,0.7073170731707317
