head,prompt_count,base_token_prob_delta_mean,base_token_prob_decrease_ratio,base_token_changed_ratio,base_token_logit_delta_mean,base_token_rank_post_mean,entropy_delta_mean,kl_divergence_mean
L18.H8,44,-0.07753268155184659,0.9545454545454546,0.3181818181818182,-0.7350852272727273,2,0.5277016867290844,0.07017528962089935
L11.H11,44,-0.06115029074928977,0.9545454545454546,0.4318181818181818,-0.6361860795454546,2,0.3590898026119579,0.07254261303354394
L13.H2,44,-0.05701932040127841,0.9318181818181818,0.4772727272727273,-0.5811434659090909,2,0.27659600431268866,0.0715801459737122
