head,prompt_count,base_token_prob_delta_mean,base_token_prob_decrease_ratio,base_token_changed_ratio,base_token_logit_delta_mean,base_token_rank_post_mean,entropy_delta_mean,kl_divergence_mean
L8.H15,49,-0.1063095404177296,0.9591836734693877,0.061224489795918366,-1.1543367346938775,1,1.0150813545499529,0.12169183912325879
L12.H15,49,-0.0770263671875,1.0,0.04081632653061224,-0.46603954081632654,1,0.5061538730348859,0.028979987628301795
L9.H11,49,-0.07699522680165816,0.9795918367346939,0.04081632653061224,-0.7351721938775511,1,0.6931015593664986,0.037916959472456754
