head,prompt_count,base_token_prob_delta_mean,base_token_prob_decrease_ratio,base_token_changed_ratio,base_token_logit_delta_mean,base_token_rank_post_mean,entropy_delta_mean,kl_divergence_mean
L14.H5,40,-0.03638916015625,0.675,0.2,-0.4306640625,2,0.14830318577587603,0.11064372500404715
L11.H1,40,-0.03115501403808594,0.725,0.125,-0.4052734375,1,0.21139519587159156,0.042981393588706854
L9.H7,40,-0.02474517822265625,0.725,0.1,-0.2265625,1,0.1533666927367449,0.03281181521015242
L15.H7,40,-0.01977081298828125,0.65,0.125,-0.1173828125,1,0.049024518206715585,0.02602454287116416
L23.H9,40,-0.015584564208984375,0.75,0.05,-0.4798828125,1,0.1740891244262457,0.021448591840453446
L14.H8,40,-0.01412506103515625,0.625,0.1,-0.115625,1,0.07753026969730854,0.025157638814562233
L12.H3,40,-0.013558197021484374,0.8,0.075,-0.0888671875,1,0.05335392914712429,0.004150521683914121
L21.H10,40,-0.012973785400390625,0.75,0.1,-0.0859375,1,0.04506054930388927,0.01611945706536062
L12.H8,40,-0.011695098876953126,0.675,0.1,-0.14140625,1,0.08610941097140312,0.020642629303620198
