head,prompt_count,base_token_prob_delta_mean,base_token_prob_decrease_ratio,base_token_changed_ratio,base_token_logit_delta_mean,base_token_rank_post_mean,entropy_delta_mean,kl_divergence_mean
L13.H11,45,-0.11434699164496528,1.0,0.6,-1.2114583333333333,3,0.4319047239091661,0.3345426549514135
L9.H2,45,-0.10674574110243056,1.0,0.5555555555555556,-1.2682291666666667,2,0.8147432274288602,0.350281165043513
L20.H11,45,-0.06514078776041667,1.0,0.3333333333333333,-0.48802083333333335,2,0.16731717321607803,0.17450645052724414
L11.H1,45,-0.04928181966145833,0.9555555555555556,0.06666666666666667,-0.48333333333333334,1,0.4087297598520915,0.04103319835331705
L17.H6,45,-0.043785942925347224,0.8666666666666667,0.1111111111111111,-0.6512152777777778,1,0.3902639759911431,0.09133451680342357
