head,prompt_count,base_token_prob_delta_mean,base_token_prob_decrease_ratio,base_token_changed_ratio,base_token_logit_delta_mean,base_token_rank_post_mean,entropy_delta_mean,kl_divergence_mean
L12.H8,37,-0.02867332664695946,0.8108108108108109,0.16216216216216217,-0.5356841216216216,1,0.3427769171225058,0.06006217642209014
L18.H4,37,-0.01856540989231419,0.918918918918919,0.13513513513513514,-0.21896114864864866,1,0.14960227141509186,0.013642223649406555
L15.H6,37,-0.017068811365076014,0.7567567567567568,0.13513513513513514,-0.23733108108108109,1,0.14656601725397883,0.02786948806543306
L23.H9,37,-0.014617095122466216,0.9459459459459459,0.10810810810810811,-0.3589527027027027,1,0.10718130420994114,0.005915062785198963
L18.H8,37,-0.009352400496199325,0.6216216216216216,0.10810810810810811,-0.1007179054054054,1,0.043283829817900785,0.005649486721243168
L12.H15,37,-0.0073926771009290545,0.7837837837837838,0.02702702702702703,-0.06672297297297297,1,0.037058127892983926,0.0020000292403179825
L12.H12,37,-0.00721946922508446,0.8108108108108109,0.0,-0.07052364864864864,1,0.05175080814877072,0.0024874018429703005
L23.H2,37,-0.006331160261824324,0.9459459459459459,0.05405405405405406,-0.07347972972972973,1,0.03300607526624525,0.0012930742350117479
L16.H8,37,-0.006256103515625,0.7027027027027027,0.08108108108108109,0.03146114864864865,1,0.03266529134801916,0.005480558800234183
