head,prompt_count,base_token_prob_delta_mean,base_token_prob_decrease_ratio,base_token_changed_ratio,base_token_logit_delta_mean,base_token_rank_post_mean,entropy_delta_mean,kl_divergence_mean,donor_token_prob_delta_mean,donor_token_prob_increase_rate_mean,donor_token_logit_delta_mean,donor_token_rank_pre_mean,donor_token_rank_post_mean,donor_token_rank_increased_ratio
L14.H5,70,-0.017195565359933034,0.7285714285714285,0.15714285714285714,-0.1864955357142857,1,0.16948484012058804,0.05475226767760302,0.003286381278719221,3.492799170072998,1.0688406808035715,1388,792,0.9571428571428572
L16.H15,70,-0.020878383091517856,0.6857142857142857,0.11428571428571428,-0.2125,1,0.17404109409877233,0.04203495541545895,0.002890866994857788,6.960088201775652,1.020518275669643,1388,818,0.9142857142857143
L16.H6,70,-0.003498622349330357,0.5857142857142857,0.05714285714285714,-0.054464285714285715,1,0.0640544925417219,0.017545329466728227,0.001023029429571969,1.2654127312649126,0.6963099888392857,1388,893,0.9571428571428572
L14.H7,70,-0.0012265886579241071,0.5285714285714286,0.05714285714285714,-0.04720982142857143,1,0.0440187862941197,0.014279883063863963,0.0014451069491250173,1.3213386503471185,0.5781145368303572,1388,907,0.9142857142857143
L16.H1,70,-0.016453116280691963,0.7714285714285715,0.12857142857142856,-0.15602678571428572,1,0.12703052248273577,0.02138156902510673,0.0017630985804966519,2.4111769261956786,0.7320486886160714,1388,952,0.9428571428571428
L15.H6,70,-0.0024712698800223214,0.5142857142857142,0.05714285714285714,-0.03404017857142857,1,0.04101137093135289,0.01809201545547694,0.000944317238671439,0.871692601118849,0.5413885934012277,1388,1001,0.8857142857142857
L9.H7,70,-0.012526593889508929,0.6428571428571429,0.1,-0.10022321428571429,1,0.07513038430895125,0.03973503891777779,-2.950429916381836e-05,0.7062214769719647,0.23575613839285714,1388,1029,0.6142857142857143
