head,prompt_count,base_token_prob_delta_mean,base_token_prob_decrease_ratio,base_token_changed_ratio,base_token_logit_delta_mean,base_token_rank_post_mean,entropy_delta_mean,kl_divergence_mean
L23.H9,105,-0.08759533110119047,0.9809523809523809,0.0380952380952381,-0.8457589285714285,1,0.41626891720862613,0.03005501501084793
L5.H3,105,-0.08522716703869047,0.8761904761904762,0.01904761904761905,-0.5698660714285714,1,0.5022255105631692,0.06298825546566929
L12.H8,105,-0.06289760044642857,0.9142857142857143,0.009523809523809525,-0.6308779761904761,1,0.3733565725031353,0.027128902153067645
