head,prompt_count,base_token_prob_delta_mean,base_token_prob_decrease_ratio,base_token_changed_ratio,base_token_logit_delta_mean,base_token_rank_post_mean,entropy_delta_mean,kl_divergence_mean
L23.H9,70,-0.027780805315290178,0.9285714285714286,0.17142857142857143,-0.46785714285714286,1,0.28915699550083707,0.014669652090274862
L9.H7,70,-0.02732914515904018,0.8142857142857143,0.21428571428571427,-0.4094866071428571,1,0.27128470965794155,0.0527340758059706
L14.H8,70,-0.018091038295200892,0.8285714285714286,0.12857142857142856,-0.20066964285714287,1,0.19532868521554128,0.02714713178575039
