head,prompt_count,base_token_prob_delta_mean,base_token_prob_decrease_ratio,base_token_changed_ratio,base_token_logit_delta_mean,base_token_rank_post_mean,entropy_delta_mean,kl_divergence_mean,donor_token_prob_delta_mean,donor_token_prob_increase_rate_mean,donor_token_logit_delta_mean,donor_token_rank_pre_mean,donor_token_rank_post_mean,donor_token_rank_increased_ratio
L16.H15,40,-0.045484161376953124,0.825,0.4,-0.3658203125,2,0.17390785813331605,0.14969946341589094,0.034748247265815733,8.151858687004031,1.8212890625,87,19,0.975
L14.H7,40,-0.01739349365234375,0.725,0.225,-0.10390625,1,0.05898724794387818,0.04545652871020138,0.011554323136806488,2.314481111855108,1.0341796875,87,24,0.975
L14.H5,40,-0.04668731689453125,0.825,0.35,-0.378125,2,0.2033488929271698,0.16222954201512038,0.027251632511615755,6.779709454775064,1.622265625,87,29,0.975
L17.H6,40,-0.01192626953125,0.725,0.15,-0.0923828125,1,0.06287067532539367,0.02215185659879353,0.004389092326164246,0.5808667732699945,0.333203125,87,47,0.8
L15.H7,40,-0.00449676513671875,0.525,0.15,-0.0283203125,1,0.018787628412246703,0.009564406948629766,0.003162887692451477,0.4924310740002463,0.31103515625,87,48,0.85
