head,prompt_count,base_token_prob_delta_mean,base_token_prob_decrease_ratio,base_token_changed_ratio,base_token_logit_delta_mean,base_token_rank_post_mean,entropy_delta_mean,kl_divergence_mean
L8.H15,49,-0.1063095404177296,0.9591836734693877,0.061224489795918366,-1.1543367346938775,1,1.0150813545499529,0.12169183912325879
L12.H15,49,-0.0770263671875,1.0,0.04081632653061224,-0.46603954081632654,1,0.5061538730348859,0.028979987628301795
L9.H11,49,-0.07699522680165816,0.9795918367346939,0.04081632653061224,-0.7351721938775511,1,0.6931015593664986,0.037916959472456754
L13.H15,49,-0.07174246651785714,0.9795918367346939,0.10204081632653061,-0.4499362244897959,1,0.4558322356671703,0.026575057197134107
L9.H2,49,-0.06644610969387756,0.8571428571428571,0.12244897959183673,-0.390625,1,0.36765886082941174,0.08416786694861188
L11.H6,49,-0.0618522799744898,0.9183673469387755,0.04081632653061224,-0.22831632653061223,1,0.3796878177292493,0.028332349331099158
L18.H0,49,-0.05583844866071429,0.40816326530612246,0.12244897959183673,-0.38169642857142855,1,0.22864450240621761,0.10022979984487577
L11.H1,49,-0.04376096141581633,0.9795918367346939,0.04081632653061224,-0.297672193877551,1,0.3662044637057246,0.011975935650799347
L15.H11,49,-0.043755978954081634,0.7959183673469388,0.04081632653061224,-0.28380102040816324,1,0.28974297338602495,0.03034190831786706
