head,prompt_count,base_token_prob_delta_mean,base_token_prob_decrease_ratio,base_token_changed_ratio,base_token_logit_delta_mean,base_token_rank_post_mean,entropy_delta_mean,kl_divergence_mean
L9.H2,42,-0.2503269740513393,0.9761904761904762,0.19047619047619047,-1.7665550595238095,1,1.684781334229878,0.38439407235100154
L11.H3,42,-0.09713309151785714,0.8571428571428571,0.11904761904761904,-0.6060267857142857,1,0.5849487639608837,0.08322243427946455
L13.H11,42,-0.07932390485491071,0.7380952380952381,0.16666666666666666,-0.43266369047619047,1,0.4340900991644178,0.09650183446882736
