head,prompt_count,base_token_prob_delta_mean,base_token_prob_decrease_ratio,base_token_changed_ratio,base_token_logit_delta_mean,base_token_rank_post_mean,entropy_delta_mean,kl_divergence_mean
L11.H8,101,-0.19275204497988863,1.0,0.2871287128712871,-0.8052289603960396,1,0.7287802743439628,0.09986876912119955
L17.H0,101,-0.14372661326191213,0.9603960396039604,0.26732673267326734,-0.7359220297029703,1,0.4463153050677611,0.08958004835513558
L22.H2,101,-0.14025274597772278,1.0,0.1188118811881188,-0.6543162128712872,1,0.49865827820088604,0.04689167221399522
L10.H7,101,-0.13608906056621287,1.0,0.1188118811881188,-0.6015625,1,0.688762878427411,0.06770719132284717
L10.H14,101,-0.09839229772586634,1.0,0.07920792079207921,-0.437654702970297,1,0.4270015199585716,0.02801793172844861
L15.H15,101,-0.09206820950649752,0.9900990099009901,0.12871287128712872,-0.41646039603960394,1,0.3210113508866565,0.04262568659349667
L5.H3,101,-0.07815884127475248,1.0,0.019801980198019802,-0.39689047029702973,1,0.5288586982406012,0.02980213229645892
