head,prompt_count,base_token_prob_delta_mean,base_token_prob_decrease_ratio,base_token_changed_ratio,base_token_logit_delta_mean,base_token_rank_post_mean,entropy_delta_mean,kl_divergence_mean,donor_token_prob_delta_mean,donor_token_prob_increase_rate_mean,donor_token_logit_delta_mean,donor_token_rank_pre_mean,donor_token_rank_post_mean,donor_token_rank_increased_ratio
L14.H5,36,-0.04036288791232639,0.8888888888888888,0.2777777777777778,-0.2378472222222222,1,0.15451415379842123,0.06019555490153531,0.029744744300842285,1.614608300596486,0.7847222222222222,16,6,0.8055555555555556
L18.H8,36,-0.049542744954427086,0.9166666666666666,0.2222222222222222,-0.2957899305555556,1,0.2311225069893731,0.038477968528038926,0.022370881504482694,1.1643254528527676,0.6015625,16,8,0.7777777777777778
L15.H13,36,-0.022696601019965276,0.7222222222222222,0.19444444444444445,-0.1853298611111111,1,0.10730077823003133,0.032339477174294494,0.01614158683353,0.8073066407146513,0.4926215277777778,16,8,0.6944444444444444
L11.H1,36,-0.0317840576171875,0.8055555555555556,0.1111111111111111,-0.1773003472222222,1,0.1159838769170973,0.02480112691409886,0.007703953319125705,0.4081486986102405,0.2608506944444444,16,11,0.6111111111111112
L12.H8,36,-0.018390231662326388,0.6666666666666666,0.1388888888888889,-0.10091145833333333,1,0.07788632313410442,0.037503042995619275,0.015114002757602267,0.6131162947076857,0.3546006944444444,16,12,0.5555555555555556
