head,prompt_count,base_token_prob_delta_mean,base_token_prob_decrease_ratio,base_token_changed_ratio,base_token_logit_delta_mean,base_token_rank_post_mean,entropy_delta_mean,kl_divergence_mean
L11.H11,25,-0.24772705078125,0.92,0.12,-1.309375,1,1.6430109977722167,0.3179890041053295
L15.H7,25,-0.1809521484375,0.96,0.16,-0.8646875,1,1.0045013332366943,0.1667121921479702
L17.H6,25,-0.122340087890625,0.92,0.16,-0.750625,1,0.7558171033859253,0.136822722107172
L16.H6,25,-0.0924462890625,0.88,0.04,-0.5153125,1,0.6997645998001099,0.07556952558457851
L12.H8,25,-0.0847021484375,0.92,0.0,-0.3934375,1,0.5973170280456543,0.0715343690291047
L11.H3,25,-0.0793603515625,0.88,0.0,-0.42,1,0.5492907476425171,0.042165470011532306
L9.H2,25,-0.06757568359375,0.92,0.0,-0.3503125,1,0.4571166467666626,0.026402591411024332
L18.H14,25,-0.0577587890625,0.68,0.0,-0.155625,1,0.3410632848739624,0.05878288853622507
L8.H15,25,-0.0497607421875,0.8,0.0,-0.24375,1,0.334074592590332,0.01894666119478643
