head,prompt_count,base_token_prob_delta_mean,base_token_prob_decrease_ratio,base_token_changed_ratio,base_token_logit_delta_mean,base_token_rank_post_mean,entropy_delta_mean,kl_divergence_mean,donor_token_prob_delta_mean,donor_token_prob_increase_rate_mean,donor_token_logit_delta_mean,donor_token_rank_pre_mean,donor_token_rank_post_mean,donor_token_rank_increased_ratio
L14.H7,50,-0.0432733154296875,0.6,0.26,-0.3371875,2,0.14468576908111572,0.147124744951725,0.014137196540832519,5.2699994771637515,1.361875,168,46,0.92
L15.H7,50,-0.06015045166015625,0.76,0.28,-0.40265625,2,0.17170871734619142,0.13756027549505234,0.017000540494918823,3.6946430694698416,1.006484375,168,67,0.88
L16.H15,50,-0.0008233642578125,0.56,0.1,-0.03546875,1,0.02129345178604126,0.069801025101915,0.005706511735916138,1.5362208869401706,0.66296875,168,78,0.88
L14.H5,50,-0.030032958984375,0.66,0.24,-0.23046875,1,0.12959885597229004,0.06324196733534336,0.008225321769714355,2.5177583018714307,0.8901953125,168,80,0.94
L18.H8,50,-0.005882568359375,0.5,0.08,-0.05015625,1,0.020909323692321777,0.009380094298685436,0.0003506278991699219,1.904258513244099,0.193984375,168,97,0.58
L15.H6,50,-0.013719482421875,0.58,0.14,-0.0665625,1,0.04264186859130859,0.029568255664780736,0.0037528038024902343,0.8121236772583752,0.48546875,168,111,0.86
L16.H6,50,-0.003909912109375,0.52,0.06,-0.01609375,1,0.020662126541137697,0.011279245102778078,0.0020653104782104494,0.3884503148447526,0.3121484375,168,122,0.8
L16.H2,50,-0.0199102783203125,0.8,0.1,-0.12828125,1,0.06538010120391846,0.025396425732178613,0.004220205545425415,0.6683750742047704,0.412265625,168,126,0.86
L13.H13,50,-0.01203369140625,0.64,0.16,-0.0740625,1,0.037682273387908936,0.018651200940948912,0.0033318865299224853,0.6303603204004498,0.3464453125,168,134,0.74
