head,prompt_count,base_token_prob_delta_mean,base_token_prob_decrease_ratio,base_token_changed_ratio,base_token_logit_delta_mean,base_token_rank_post_mean,entropy_delta_mean,kl_divergence_mean,donor_token_prob_delta_mean,donor_token_prob_increase_rate_mean,donor_token_logit_delta_mean,donor_token_rank_pre_mean,donor_token_rank_post_mean,donor_token_rank_increased_ratio
L13.H1,101,-0.008328579439975248,0.5445544554455446,0.009900990099009901,-0.0484220297029703,1,0.04266464710235596,0.0052168496151334875,0.00025969271612639474,2.2601593842028604,0.9588876856435643,492,214,0.9702970297029703
L22.H2,101,-0.1470596766707921,1.0,0.12871287128712872,-0.6632889851485149,1,0.5245334299484102,0.053157227510346634,0.0002937582459780249,1.9771224051501781,0.7617961014851485,492,257,1.0
L14.H6,101,-0.02134054958230198,0.6633663366336634,0.009900990099009901,-0.10040222772277228,1,0.09114319027060329,0.006113359941910759,0.00033728498043400225,2.097268295947212,0.7983060024752475,492,279,0.9900990099009901
