head,prompt_count,base_token_prob_delta_mean,base_token_prob_decrease_ratio,base_token_changed_ratio,base_token_logit_delta_mean,base_token_rank_post_mean,entropy_delta_mean,kl_divergence_mean
L23.H9,19,-0.06280196340460527,1.0,0.05263157894736842,-0.850328947368421,1,0.23861689865589142,0.032618616974152824
L17.H2,19,-0.049881784539473686,0.8421052631578947,0.05263157894736842,-0.4634046052631579,1,0.2078747145439449,0.026957327034324408
L16.H6,19,-0.034745065789473686,0.6842105263157895,0.0,-0.16529605263157895,1,0.1234255891881491,0.017082788053238273
L14.H2,19,-0.027819181743421052,0.7368421052631579,0.0,-0.12417763157894737,1,0.11391010331480127,0.01332781436404299
L16.H8,19,-0.02553196957236842,0.7894736842105263,0.05263157894736842,-0.13240131578947367,1,0.08492231996435869,0.009800351675183169
L0.H7,19,-0.015342310855263159,0.5789473684210527,0.05263157894736842,-0.049342105263157895,1,0.015847509628848025,0.007098721330342079
L14.H3,19,-0.013941714638157895,0.8421052631578947,0.05263157894736842,-0.12088815789473684,1,0.056876411171335926,0.003116554617391605
L13.H4,19,-0.009900544819078948,0.7894736842105263,0.05263157894736842,-0.10773026315789473,1,0.038456211356740246,0.0032515366987545826
L6.H11,19,-0.009431537828947368,0.5789473684210527,0.0,-0.05139802631578947,1,0.028525542663900477,0.0028042794890911623
