head,prompt_count,base_token_prob_delta_mean,base_token_prob_decrease_ratio,base_token_changed_ratio,base_token_logit_delta_mean,base_token_rank_post_mean,entropy_delta_mean,kl_divergence_mean
L12.H0,27,-0.28037742332175924,0.8518518518518519,0.7407407407407407,-1.4904513888888888,3,0.6833958095974393,0.4517030195781478
L9.H12,27,-0.055408619068287035,0.9629629629629629,0.07407407407407407,-0.32060185185185186,1,0.19034008626584653,0.01921255172540744
L13.H2,27,-0.04689082392939815,0.7777777777777778,0.037037037037037035,-0.44820601851851855,1,0.3278471054854216,0.038522530644614666
L23.H11,27,-0.04379837601273148,0.9629629629629629,0.0,-0.4496527777777778,1,0.2577035206335562,0.0211559526721464
L4.H15,27,-0.039274992766203706,0.9629629629629629,0.037037037037037035,-0.3605324074074074,1,0.1840166030106721,0.017167130571410612
