head,prompt_count,base_token_prob_delta_mean,base_token_prob_decrease_ratio,base_token_changed_ratio,base_token_logit_delta_mean,base_token_rank_post_mean,entropy_delta_mean,kl_divergence_mean,donor_token_prob_delta_mean,donor_token_prob_increase_rate_mean,donor_token_logit_delta_mean,donor_token_rank_pre_mean,donor_token_rank_post_mean,donor_token_rank_increased_ratio
L17.H7,49,-0.043989531847895405,0.8571428571428571,0.1836734693877551,-0.44690688775510207,1,0.3047712189810617,0.040736292366815106,0.002032961164202009,5.7357922136463415,1.0414939413265305,1247,715,0.8163265306122449
L18.H11,49,-0.02266739825813138,0.7346938775510204,0.10204081632653061,-0.21954719387755103,1,0.13811292453688018,0.019904019531428015,6.520748138427734e-05,2.210332320674891,0.5141900510204082,1247,754,0.8163265306122449
L17.H10,49,0.009220668247767858,0.5306122448979592,0.40816326530612246,-0.15035076530612246,2,-0.043650257344148596,0.06474852484023692,0.001859882656408816,1.6450915803733588,0.5974170918367347,1247,818,0.6530612244897959
L18.H8,49,-0.007832429846938776,0.6326530612244898,0.02040816326530612,-0.07908163265306123,1,0.0806122215426698,0.009415630814239231,-1.0238618266825773e-05,2.013753455029106,0.3798230229591837,1247,858,0.8775510204081632
L13.H0,49,-0.00989890585140306,0.8367346938775511,0.1836734693877551,-0.07477678571428571,1,0.06672771609559351,0.00692375303526428,0.0005147201674325126,1.2759333195848497,0.49800701530612246,1247,924,0.7346938775510204
L15.H15,49,-0.01716458067602041,0.673469387755102,0.061224489795918366,-0.15433673469387754,1,0.10233618288624044,0.01381881994537401,0.0002599845127183564,2.3597814390032474,0.47433035714285715,1247,924,0.7755102040816326
L16.H1,49,-0.00518985670440051,0.7142857142857143,0.0,-0.04591836734693878,1,0.04619466042032047,0.0030544318463083127,0.00016957399796466437,1.176305060649891,0.43769929846938777,1247,956,0.8775510204081632
