head,prompt_count,base_token_prob_delta_mean,base_token_prob_decrease_ratio,base_token_changed_ratio,base_token_logit_delta_mean,base_token_rank_post_mean,entropy_delta_mean,kl_divergence_mean,donor_token_prob_delta_mean,donor_token_prob_increase_rate_mean,donor_token_logit_delta_mean,donor_token_rank_pre_mean,donor_token_rank_post_mean,donor_token_rank_increased_ratio
L15.H7,20,-0.2491943359375,1.0,0.25,-1.326171875,2,1.048751848936081,0.49943809658288957,0.11337971091270446,354.0032574915293,4.23984375,228,3,0.95
L17.H6,20,-0.035968017578125,1.0,0.05,-0.22734375,1,0.2667542636394501,0.024424736469518392,0.00522950291633606,5.651780367716144,1.3693359375,228,53,0.95
L17.H0,20,-0.016876220703125,0.75,0.0,-0.103125,1,0.11948631405830383,0.00576343428256223,0.0016181319952011108,1.316555953101102,0.651171875,228,104,0.95
L15.H3,20,-0.040576171875,0.7,0.0,-0.202734375,1,0.23212083876132966,0.024393398384563624,0.006617659330368042,1.5639333448751793,0.6958984375,228,146,0.9
L13.H1,20,-0.01573486328125,0.7,0.0,-0.0625,1,0.08695028126239776,0.00555181298404932,0.002496442198753357,0.7088689525960026,0.48046875,228,146,0.9
L14.H7,20,0.00289306640625,0.3,0.0,0.001953125,1,-0.006361562013626099,0.0051874623983167115,0.0015620261430740357,0.5159318115103199,0.3865234375,228,155,0.9
L20.H11,20,-0.03555908203125,0.75,0.0,-0.19140625,1,0.2131020724773407,0.010850935740745627,0.0016842156648635865,0.775112512760361,0.368359375,228,168,0.8
L16.H6,20,-0.000726318359375,0.5,0.0,-0.019921875,1,0.0188701868057251,0.004341816349187866,0.0009790241718292236,0.35556921355218635,0.2681640625,228,175,0.9
L16.H1,20,-0.001483154296875,0.45,0.0,-0.010546875,1,0.02273852825164795,0.002185056508460548,0.0004861980676651001,0.2027654149248558,0.13671875,228,185,0.75
