head,prompt_count,base_token_prob_delta_mean,base_token_prob_decrease_ratio,base_token_changed_ratio,base_token_logit_delta_mean,base_token_rank_post_mean,entropy_delta_mean,kl_divergence_mean,donor_token_prob_delta_mean,donor_token_prob_increase_rate_mean,donor_token_logit_delta_mean,donor_token_rank_pre_mean,donor_token_rank_post_mean,donor_token_rank_increased_ratio
L14.H5,40,-0.10068359375,0.8,0.2,-0.6423828125,1,0.42447676621377467,0.16917486332240514,0.010600857436656952,2.6894647785421926,0.748046875,155,83,0.825
L13.H15,40,-0.0375457763671875,0.75,0.125,-0.201953125,1,0.1500235192477703,0.037353149557020515,0.0023908600211143493,0.8036034396592363,0.33740234375,155,99,0.675
L11.H1,40,-0.0311187744140625,0.625,0.05,-0.1646484375,1,0.17958121746778488,0.04660727278096601,0.002803000807762146,0.9365944203435446,0.370703125,155,118,0.7
L13.H2,40,-0.05366973876953125,0.775,0.15,-0.3794921875,1,0.22579728960990905,0.05878747447859496,0.003059171140193939,0.8719017304414708,0.2578125,155,119,0.65
L11.H11,40,-0.01768798828125,0.675,0.025,-0.083984375,1,0.0991581067442894,0.013430783239891752,0.0004655897617340088,0.3716285452092163,0.20615234375,155,122,0.65
L11.H6,40,-0.0048736572265625,0.575,0.05,-0.06640625,1,0.06935042850673198,0.03425354201463051,0.0016874730587005614,0.7369543759553073,0.33408203125,155,123,0.625
L22.H2,40,-0.022882080078125,0.775,0.075,-0.230078125,1,0.1743536449968815,0.028170798858627676,0.005529700219631195,1.13965039600525,0.478125,155,124,0.8
