head,prompt_count,base_token_prob_delta_mean,base_token_prob_decrease_ratio,base_token_changed_ratio,base_token_logit_delta_mean,base_token_rank_post_mean,entropy_delta_mean,kl_divergence_mean
L7.H7,30,-0.2713834126790365,0.9333333333333333,0.5,-2.2885416666666667,2,1.1752273519833882,0.6787371754646301
L9.H12,30,-0.16533203125,0.9,0.3,-1.565625,1,0.8954195221265157,0.2613067383567492
L12.H0,30,-0.13160298665364584,0.7666666666666667,0.3,-0.7828125,1,0.29452579418818153,0.2948545734087626
