head,prompt_count,base_token_prob_delta_mean,base_token_prob_decrease_ratio,base_token_changed_ratio,base_token_logit_delta_mean,base_token_rank_post_mean,entropy_delta_mean,kl_divergence_mean,donor_token_prob_delta_mean,donor_token_prob_increase_rate_mean,donor_token_logit_delta_mean,donor_token_rank_pre_mean,donor_token_rank_post_mean,donor_token_rank_increased_ratio
L16.H2,56,-0.10862622942243304,0.8928571428571429,0.21428571428571427,-0.4818638392857143,1,0.24202659034303256,0.1915078910034416,0.06814849589552198,24.62233750276896,2.5386439732142856,80,20,0.9821428571428571
L14.H7,56,-0.0426483154296875,0.6607142857142857,0.08928571428571429,-0.1552734375,1,0.12237844137208802,0.07447970550648668,0.017142972775868008,6.9137764965279755,1.8242885044642858,80,29,0.9642857142857143
L14.H5,56,-0.047115870884486606,0.75,0.07142857142857142,-0.20758928571428573,1,0.13991636942539895,0.06484371043708441,0.018539427646568844,7.966790743072637,1.7440011160714286,80,31,0.9642857142857143
L16.H15,56,-0.04868861607142857,0.6428571428571429,0.10714285714285714,-0.18484933035714285,1,0.12581550223486765,0.0789374755362847,0.02579776304108756,17.85963789024717,1.8448660714285714,80,35,0.9285714285714286
L15.H7,56,-0.027064732142857144,0.625,0.05357142857142857,-0.14132254464285715,1,0.07544188254645892,0.02285725293768337,0.0031071826815605164,1.1296642591934023,0.6086077008928571,80,50,0.875
L21.H10,56,-0.022458757672991072,0.8035714285714286,0.0,-0.16978236607142858,1,0.09682555390255791,0.0070049380893968715,0.003553155277456556,1.12239980926218,0.5827985491071429,80,57,0.875
L11.H1,56,-0.0194854736328125,0.7142857142857143,0.03571428571428571,-0.14606584821428573,1,0.09472842567733356,0.020918342704784924,0.003567054867744446,1.1316601611404462,0.5562918526785714,80,57,0.8214285714285714
