head,prompt_count,base_token_prob_delta_mean,base_token_prob_decrease_ratio,base_token_changed_ratio,base_token_logit_delta_mean,base_token_rank_post_mean,entropy_delta_mean,kl_divergence_mean,donor_token_prob_delta_mean,donor_token_prob_increase_rate_mean,donor_token_logit_delta_mean,donor_token_rank_pre_mean,donor_token_rank_post_mean,donor_token_rank_increased_ratio
L12.H0,159,-0.2944930184562251,0.949685534591195,0.7484276729559748,-2.4865369496855347,12,0.7557207769567862,1.3833707607579682,0.012151303531238868,15883.388367870213,2.2151243581711872,2068,338,0.8805031446540881
L22.H2,159,-0.05187700379569576,0.8301886792452831,0.0880503144654088,-0.4386792452830189,1,0.35623068479621933,0.04324093763350433,0.003439984606496943,1878.058102836359,1.1171855806554638,2068,954,0.9685534591194969
L11.H10,159,-0.04850692269187303,0.7232704402515723,0.2138364779874214,-0.294811320754717,1,0.14619580492283563,0.1445002839439285,-2.8533005864365294e-05,1126.2748946117217,0.5710068708695706,2068,1107,0.7861635220125787
L13.H1,159,-0.16782494311062796,0.8616352201257862,0.4276729559748428,-1.0537047955974843,3,0.4143525146463382,0.5717908965157192,0.0035903926165598743,33367.6993964976,0.587486411040684,2068,1110,0.6540880503144654
L13.H2,159,-0.00932417575668239,0.5786163522012578,0.06918238993710692,-0.07080385220125786,1,0.03580755595141237,0.0294011338548398,0.00019028126818578948,375.4880381170676,0.34418952989878143,2068,1602,0.7672955974842768
