head,prompt_count,base_token_prob_delta_mean,base_token_prob_decrease_ratio,base_token_changed_ratio,base_token_logit_delta_mean,base_token_rank_post_mean,entropy_delta_mean,kl_divergence_mean,donor_token_prob_delta_mean,donor_token_prob_increase_rate_mean,donor_token_logit_delta_mean,donor_token_rank_pre_mean,donor_token_rank_post_mean,donor_token_rank_increased_ratio
L18.H2,50,-0.008616943359375,0.8,0.08,-0.12,1,0.09222557067871094,0.01606962856836617,0.0017440688610076904,0.7408221288104067,0.4609375,183,113,0.84
L13.H13,50,-0.007158203125,0.6,0.12,-0.10171875,1,0.07096178054809571,0.022289686067961157,0.002234785556793213,0.8483094906916038,0.511328125,183,115,0.86
L16.H4,50,-0.01162872314453125,0.72,0.12,-0.163125,1,0.09247748374938965,0.016175964511930943,0.0019102799892425537,0.7880998977085875,0.475078125,183,115,0.88
L18.H4,50,-0.0076580810546875,0.76,0.1,-0.12859375,1,0.06633682250976562,0.015031812009401619,0.0022205853462219237,0.6233622524543633,0.395625,183,122,0.9
L11.H1,50,-0.0063775634765625,0.68,0.1,-0.0709375,1,0.059728326797485354,0.01309548997785896,0.0011618256568908692,0.4774396398020133,0.350546875,183,132,0.9
L14.H7,50,-0.00327423095703125,0.66,0.16,-0.0671875,1,0.03440302848815918,0.011568468721816317,0.0006187474727630616,0.3559506149798238,0.25265625,183,137,0.76
L14.H5,50,-0.00484344482421875,0.62,0.04,-0.05984375,1,0.04329870223999024,0.008428233978338539,0.0009664952754974365,0.2806738070628573,0.218515625,183,146,0.8
L16.H6,50,-0.0018450927734375,0.66,0.02,-0.02265625,1,0.022674751281738282,0.004428370273672044,0.0005966103076934814,0.2202662466554459,0.18859375,183,147,0.8
L11.H6,50,-0.00205718994140625,0.52,0.04,-0.011875,1,0.007906999588012695,0.005506979643832892,0.0006249213218688965,0.25839945639044953,0.213203125,183,148,0.82
