head,prompt_count,base_token_prob_delta_mean,base_token_prob_decrease_ratio,base_token_changed_ratio,base_token_logit_delta_mean,base_token_rank_post_mean,entropy_delta_mean,kl_divergence_mean,donor_token_prob_delta_mean,donor_token_prob_increase_rate_mean,donor_token_logit_delta_mean,donor_token_rank_pre_mean,donor_token_rank_post_mean,donor_token_rank_increased_ratio
L13.H13,50,-0.027899322509765626,0.84,0.38,-0.4675,2,0.1690414524078369,0.06549842294305563,0.007853189706802368,1.9522966368344283,0.86546875,132,54,0.94
L18.H2,50,-0.01151580810546875,0.82,0.16,-0.179375,1,0.1010122013092041,0.016138916099444033,0.001911102533340454,0.6754345153728883,0.410546875,132,71,0.94
L18.H4,50,-0.00974761962890625,0.82,0.16,-0.13765625,1,0.06746246337890625,0.013935967865400016,0.0008248984813690186,0.4386420574211478,0.29328125,132,82,0.78
L11.H1,50,-0.007353515625,0.68,0.06,-0.09578125,1,0.06339176177978516,0.010072267083451152,0.000949033498764038,0.333822266578806,0.240546875,132,91,0.78
L16.H4,50,-0.0120184326171875,0.82,0.16,-0.17890625,1,0.08755953788757324,0.013605359480716289,0.00170751690864563,0.44902847574912014,0.3059375,132,97,0.82
L14.H7,50,-0.00858154296875,0.7,0.18,-0.1209375,1,0.06504989624023437,0.016293818452395498,0.0019974863529205323,0.39518993958354215,0.2640625,132,99,0.84
L11.H6,50,-0.00341339111328125,0.64,0.14,-0.05203125,1,0.019868898391723632,0.004703325051814318,0.000704946517944336,0.18858126332027647,0.155625,132,108,0.7
