head,prompt_count,base_token_prob_delta_mean,base_token_prob_decrease_ratio,base_token_changed_ratio,base_token_logit_delta_mean,base_token_rank_post_mean,entropy_delta_mean,kl_divergence_mean
L13.H13,50,-0.02040802001953125,0.92,0.26,-0.2634375,1,0.1770486354827881,0.0307288924138993
L9.H2,50,-0.0177587890625,0.86,0.28,-0.4834375,1,0.2693626308441162,0.046676545217633245
L12.H8,50,-0.01770233154296875,0.94,0.16,-0.3521875,1,0.2293839931488037,0.017866595201194286
L18.H2,50,-0.01552093505859375,0.96,0.14,-0.36734375,1,0.22346009254455568,0.018181643988937138
L23.H6,50,-0.012957916259765626,0.8,0.2,-0.290625,1,0.15578537940979004,0.01752608420327306
L16.H4,50,-0.0127001953125,0.92,0.14,-0.19296875,1,0.10878582000732422,0.00891310876701027
L11.H1,50,-0.01145538330078125,0.9,0.08,-0.1553125,1,0.12128981590270996,0.010269791134633124
