head,prompt_count,base_token_prob_delta_mean,base_token_prob_decrease_ratio,base_token_changed_ratio,base_token_logit_delta_mean,base_token_rank_post_mean,entropy_delta_mean,kl_divergence_mean
L9.H2,40,-0.19365386962890624,0.975,0.225,-1.064453125,1,1.0921682871878147,0.2544309732038528
L11.H3,40,-0.098333740234375,0.925,0.125,-0.4435546875,1,0.4979133978486061,0.07577911650296301
L13.H11,40,-0.0853546142578125,0.775,0.125,-0.124609375,1,0.35216109380126,0.11380783821223303
