head,prompt_count,base_token_prob_delta_mean,base_token_prob_decrease_ratio,base_token_changed_ratio,base_token_logit_delta_mean,base_token_rank_post_mean,entropy_delta_mean,kl_divergence_mean
L11.H11,16,-0.19078350067138672,0.9375,0.375,-1.513671875,2,1.1693570762872696,0.2907033865340054
L12.H8,16,-0.1781139373779297,1.0,0.25,-1.27099609375,1,1.1581552624702454,0.18033920624293387
L9.H15,16,-0.10504150390625,1.0,0.0625,-0.7353515625,1,0.666716530919075,0.07122703723143786
L15.H7,16,-0.09810256958007812,1.0,0.0625,-0.57080078125,1,0.6160124838352203,0.08050067545264028
L16.H6,16,-0.09230422973632812,1.0,0.0625,-0.65869140625,1,0.6316295713186264,0.04449305811431259
