head,prompt_count,base_token_prob_delta_mean,base_token_prob_decrease_ratio,base_token_changed_ratio,base_token_logit_delta_mean,base_token_rank_post_mean,entropy_delta_mean,kl_divergence_mean,donor_token_prob_delta_mean,donor_token_prob_increase_rate_mean,donor_token_logit_delta_mean,donor_token_rank_pre_mean,donor_token_rank_post_mean,donor_token_rank_increased_ratio
L15.H7,7,-0.10199410574776786,1.0,0.5714285714285714,-1.0212053571428572,3,0.4615269729069301,0.23255488595792226,0.026084831782749722,15.104362226866652,1.8755580357142858,45,9,0.8571428571428571
L17.H6,7,-0.042262486049107144,1.0,0.14285714285714285,-0.4095982142857143,1,0.2724853583744594,0.053904466064912934,0.006197180066789899,4.448009509010583,0.9380580357142857,45,21,0.8571428571428571
L13.H1,7,-0.019609723772321428,0.8571428571428571,0.2857142857142857,-0.171875,2,0.09657168388366699,0.016642552534384385,0.002032688685825893,1.0009081676709621,0.48716517857142855,45,31,0.7142857142857143
L17.H0,7,-0.002197265625,0.5714285714285714,0.0,-0.04352678571428571,1,0.04260257312229702,0.005588051413984171,0.00046900340488978794,0.24675616260306737,0.18024553571428573,45,37,0.8571428571428571
L16.H15,7,-0.017525809151785716,1.0,0.0,-0.14285714285714285,1,0.09381001336233956,0.010928510089537926,0.0011331694466727121,0.28247831952995306,0.20089285714285715,45,38,1.0
