head,prompt_count,base_token_prob_delta_mean,base_token_prob_decrease_ratio,base_token_changed_ratio,base_token_logit_delta_mean,base_token_rank_post_mean,entropy_delta_mean,kl_divergence_mean
L15.H7,35,-0.060090855189732145,0.8857142857142857,0.2857142857142857,-0.39888392857142857,1,0.2697624547140939,0.05895195345261267
L11.H1,35,-0.05249808175223214,1.0,0.2571428571428571,-0.46495535714285713,1,0.29732181685311454,0.027693913344826016
L23.H9,35,-0.051239013671875,0.9142857142857143,0.2857142857142857,-0.6383928571428571,2,0.24048515047345842,0.032433887464659555
