head,prompt_count,base_token_prob_delta_mean,base_token_prob_decrease_ratio,base_token_changed_ratio,base_token_logit_delta_mean,base_token_rank_post_mean,entropy_delta_mean,kl_divergence_mean
L14.H4,50,-0.09845947265625,0.94,0.16,-0.670625,1,0.5527478134632111,0.05796072106808424
L15.H7,50,-0.09452880859375,0.96,0.16,-0.6059375,1,0.5428202688694,0.07535414982587099
L11.H11,50,-0.09205078125,0.98,0.06,-0.9284375,1,0.6995050537586213,0.043731730468571185
L23.H9,50,-0.0744287109375,0.86,0.06,-0.63453125,1,0.4507766091823578,0.030053735789842904
L17.H6,50,-0.068046875,0.9,0.04,-0.26109375,1,0.37294596552848813,0.04245145414955914
L12.H8,50,-0.04787109375,0.92,0.02,-0.54125,1,0.4111228907108307,0.022649690667167308
L16.H6,50,-0.04338623046875,0.74,0.06,-0.37,1,0.2572233211994171,0.02954727246426046
