head,prompt_count,base_token_prob_delta_mean,base_token_prob_decrease_ratio,base_token_changed_ratio,base_token_logit_delta_mean,base_token_rank_post_mean,entropy_delta_mean,kl_divergence_mean,donor_token_prob_delta_mean,donor_token_prob_increase_rate_mean,donor_token_logit_delta_mean,donor_token_rank_pre_mean,donor_token_rank_post_mean,donor_token_rank_increased_ratio
L16.H6,19,-0.010189658717105263,0.47368421052631576,0.05263157894736842,-0.033717105263157895,1,0.008449721101083253,0.014979217906090381,0.0011769062594363564,6275.367434405661,0.7344263980263158,1889,1348,0.8947368421052632
L14.H5,19,-0.002235814144736842,0.631578947368421,0.0,-0.004523026315789474,1,0.019074250208704097,0.019714856491191313,0.0005766874865481728,12549.878633746252,0.7226048519736842,1889,1387,0.8947368421052632
L14.H7,19,-0.008904708059210526,0.47368421052631576,0.0,-0.036595394736842105,1,0.02205607334249898,0.008690331805969197,0.0002943496955068488,6274.73318140127,0.3325452302631579,1889,1449,0.8421052631578947
L23.H9,19,-0.038914730674342105,0.8421052631578947,0.05263157894736842,-0.35855263157894735,1,0.11515791165201288,0.019186900168853372,0.0005741056643034282,9412.664290849054,0.6077302631578947,1889,1485,0.8947368421052632
L14.H8,19,-0.004947060032894737,0.631578947368421,0.0,-0.09169407894736842,1,0.03985430966866644,0.012067105293298434,0.00010832673624942177,6275.21427307468,0.5506784539473685,1889,1521,0.8947368421052632
L18.H4,19,-0.0031224300986842104,0.42105263157894735,0.0,-0.009868421052631578,1,0.011746759085278762,0.0024135807237287642,2.8531802328009354e-05,3137.9671204758224,0.4681846217105263,1889,1535,0.8947368421052632
L12.H9,19,0.0024928042763157896,0.47368421052631576,0.0,-0.02138157894736842,1,-0.02373899950792915,0.013647111270601224,0.0010140946036890934,3137.682212568052,0.36698190789473684,1889,1565,0.7894736842105263
L18.H2,19,0.0012078536184210527,0.42105263157894735,0.0,0.02631578947368421,1,-0.007514478540734241,0.0028802855323240358,-2.8440826817562704e-05,3137.585424689958,0.3045847039473684,1889,1596,0.8421052631578947
L8.H7,19,-0.004998458059210526,0.42105263157894735,0.0,-0.030838815789473683,1,0.02646662981102341,0.0070712207893130225,9.256601333618164e-05,3137.39071438691,0.22550884046052633,1889,1622,0.8947368421052632
