head,prompt_count,base_token_prob_delta_mean,base_token_prob_decrease_ratio,base_token_changed_ratio,base_token_logit_delta_mean,base_token_rank_post_mean,entropy_delta_mean,kl_divergence_mean
L12.H0,159,-0.30895385502269435,0.9937106918238994,0.7861635220125787,-2.1076552672955975,7,0.9069899343094736,1.0529073621585685
L9.H2,159,-0.2167241798256928,1.0,0.3710691823899371,-1.5333628144654088,2,1.3238887914321706,0.36070203645236837
L6.H3,159,-0.17603196438003635,0.9245283018867925,0.24528301886792453,-1.1448506289308176,2,1.0751643484493472,0.3649676272399583
L11.H1,159,-0.11520999932439073,0.9433962264150944,0.1949685534591195,-0.5904088050314465,1,0.5351110835495235,0.13568435703058662
L13.H1,159,-0.11462714237237126,0.8616352201257862,0.3333333333333333,-0.6153694968553459,2,0.3117238418111261,0.23234426190069168
