head,prompt_count,base_token_prob_delta_mean,base_token_prob_decrease_ratio,base_token_changed_ratio,base_token_logit_delta_mean,base_token_rank_post_mean,entropy_delta_mean,kl_divergence_mean
L10.H7,29,-0.05590399380387931,0.8275862068965517,0.10344827586206896,-0.37957974137931033,1,0.2527059492622984,0.06374948658682617
L0.H12,29,-0.05313057735048492,0.6896551724137931,0.13793103448275862,-0.42941810344827586,1,0.2688345905264904,0.1111653650024954
L22.H2,29,-0.04507551522090517,0.8275862068965517,0.10344827586206896,-0.6198814655172413,1,0.25973037013719824,0.031223458362201827
L12.H9,29,-0.03938767005657327,0.7931034482758621,0.06896551724137931,-0.38415948275862066,1,0.2393412890619245,0.03303534487475127
L14.H7,29,-0.037168305495689655,0.6896551724137931,0.10344827586206896,-0.35075431034482757,1,0.2047800139106553,0.031595221205297376
L9.H2,29,-0.0370977993669181,0.7241379310344828,0.034482758620689655,-0.3995150862068966,1,0.23958782941616816,0.04959346800902056
L5.H3,29,-0.03697546597184806,0.5862068965517241,0.06896551724137931,-0.36018318965517243,2,0.22826282872722067,0.08927727037697533
L7.H5,29,-0.02971044080010776,0.6551724137931034,0.10344827586206896,-0.27720905172413796,1,0.15649647997884913,0.04464810772421107
L1.H5,29,-0.027372162917564655,0.6896551724137931,0.10344827586206896,-0.2984913793103448,1,0.15218166621594592,0.036119222788015735
