head,prompt_count,base_token_prob_delta_mean,base_token_prob_decrease_ratio,base_token_changed_ratio,base_token_logit_delta_mean,base_token_rank_post_mean,entropy_delta_mean,kl_divergence_mean,donor_token_prob_delta_mean,donor_token_prob_increase_rate_mean,donor_token_logit_delta_mean,donor_token_rank_pre_mean,donor_token_rank_post_mean,donor_token_rank_increased_ratio
L13.H2,100,-0.2608070373535156,0.96,0.3,-1.706484375,2,1.4502221804857254,0.4453797650337219,0.00787270486354828,122.65397976247705,2.63744140625,1071,240,0.97
L14.H12,100,-0.0638360595703125,0.84,0.04,-0.417578125,1,0.3975073358416557,0.04740662731579505,0.0033023399114608764,5.034312152727378,0.92564453125,1071,685,0.96
L22.H0,100,-0.037789306640625,0.87,0.01,-0.374609375,1,0.3056127333641052,0.022925749064888805,0.000727837085723877,2.310271397240164,0.71423828125,1071,709,0.95
L18.H4,100,-0.014764404296875,0.72,0.02,-0.123203125,1,0.11105078667402267,0.007447972674417542,0.0006703966856002807,1.7129569384597414,0.6453125,1071,786,0.95
L14.H5,100,-0.02921875,0.67,0.07,-0.19515625,1,0.1804757171869278,0.032991578304790894,0.0005436861515045167,1.9178606587119982,0.633515625,1071,846,0.85
L18.H2,100,-0.014716796875,0.77,0.0,-0.11421875,1,0.10717220187187194,0.006439942484430503,0.0002570545673370361,0.7333579416888206,0.389453125,1071,847,0.93
L13.H13,100,-0.0136639404296875,0.57,0.03,-0.06359375,1,0.07336204528808593,0.018831558833262534,0.0004558831453323364,0.8890156871734479,0.4122265625,1071,884,0.86
L11.H11,100,-0.005621337890625,0.56,0.04,-0.061875,1,0.04339066207408905,0.010933095918735489,0.000374908447265625,0.5269067591788621,0.32857421875,1071,888,0.88
L10.H9,100,-0.008043212890625,0.59,0.0,-0.053125,1,0.05849256724119187,0.008422610589768738,0.0003075695037841797,0.5347845559128342,0.34583984375,1071,895,0.91
