head,prompt_count,base_token_prob_delta_mean,base_token_prob_decrease_ratio,base_token_changed_ratio,base_token_logit_delta_mean,base_token_rank_post_mean,entropy_delta_mean,kl_divergence_mean
L13.H13,50,-0.02040802001953125,0.92,0.26,-0.2634375,1,0.1770486354827881,0.0307288924138993
L9.H2,50,-0.0177587890625,0.86,0.28,-0.4834375,1,0.2693626308441162,0.046676545217633245
L12.H8,50,-0.01770233154296875,0.94,0.16,-0.3521875,1,0.2293839931488037,0.017866595201194286
