head,prompt_count,base_token_prob_delta_mean,base_token_prob_decrease_ratio,base_token_changed_ratio,base_token_logit_delta_mean,base_token_rank_post_mean,entropy_delta_mean,kl_divergence_mean,donor_token_prob_delta_mean,donor_token_prob_increase_rate_mean,donor_token_logit_delta_mean,donor_token_rank_pre_mean,donor_token_rank_post_mean,donor_token_rank_increased_ratio
L14.H5,26,-0.11820631760817307,0.9615384615384616,0.15384615384615385,-0.7457932692307693,1,0.677017303613516,0.17415448937278527,0.0037595446293170634,10.804212059867941,1.5466496394230769,697,213,0.9615384615384616
L15.H13,26,-0.1208636944110577,0.9230769230769231,0.15384615384615385,-0.7920673076923077,1,0.665073023392604,0.2344428373214144,0.005905442512952364,10.750899059506066,1.6748046875,697,282,0.9615384615384616
L13.H13,26,-0.07679161658653846,0.8461538461538461,0.15384615384615385,-0.5012019230769231,1,0.4498558044433594,0.08127808108782539,0.002092265165769137,2.454643771461288,0.7562349759615384,697,424,0.9230769230769231
