head,prompt_count,base_token_prob_delta_mean,base_token_prob_decrease_ratio,base_token_changed_ratio,base_token_logit_delta_mean,base_token_rank_post_mean,entropy_delta_mean,kl_divergence_mean
L11.H1,199,-0.2870325371248638,0.9949748743718593,0.40703517587939697,-2.015840923366834,6,1.2778360237877573,0.711850684772634
L12.H13,199,-0.21437067003106353,0.8944723618090452,0.2663316582914573,-1.094809987437186,4,1.1891556462301083,0.5939288649090271
L6.H3,199,-0.15936023386279544,0.9447236180904522,0.18090452261306533,-1.4319645100502512,2,1.0128857450718856,0.29650416324645207
