head,prompt_count,base_token_prob_delta_mean,base_token_prob_decrease_ratio,base_token_changed_ratio,base_token_logit_delta_mean,base_token_rank_post_mean,entropy_delta_mean,kl_divergence_mean,donor_token_prob_delta_mean,donor_token_prob_increase_rate_mean,donor_token_logit_delta_mean,donor_token_rank_pre_mean,donor_token_rank_post_mean,donor_token_rank_increased_ratio
L7.H7,30,-0.4026811520258586,1.0,0.9,-5.060677083333333,35,1.012438666820526,3.4151871080199876,0.082691357533137,11767237.630636431,3.8664143880208335,1212,219,0.8666666666666667
L13.H6,30,-0.05144220987955729,0.7333333333333333,0.2,-0.34375,2,0.20264580051104228,0.3169801165466197,-0.0007011195023854574,57620.24231983561,0.5721110026041667,1212,519,0.5333333333333333
L22.H2,30,-0.0299560546875,0.7,0.06666666666666667,-0.3763020833333333,1,0.18389204343159993,0.033689641207456586,0.0009435852368672689,17884.79574562456,1.0504150390625,1212,608,0.8666666666666667
L10.H8,30,-0.12626139322916666,0.8,0.3333333333333333,-0.646875,2,0.3293031513690948,0.2711370889097452,0.0014123260974884034,13912.810834086595,0.9957112630208333,1212,636,0.7333333333333333
L12.H0,30,-0.17453290621439616,0.8,0.5,-1.2872395833333334,4,0.1998658080895742,0.8377872911902765,0.0008561015129089355,7950.0793792010645,0.7291097005208333,1212,838,0.7666666666666667
L12.H13,30,-0.027199300130208333,0.6666666666666666,0.16666666666666666,-0.1,1,-0.00024051864941914875,0.06991970527063435,0.00025601585706075034,5960.842085508122,0.36558430989583335,1212,884,0.5666666666666667
L12.H15,30,-0.02928466796875,0.6666666666666666,0.13333333333333333,-0.08177083333333333,1,0.05888669490814209,0.06990225850216424,0.00017329653104146322,1987.0610427392746,0.2575276692708333,1212,930,0.6
