head,prompt_count,base_token_prob_delta_mean,base_token_prob_decrease_ratio,base_token_changed_ratio,base_token_logit_delta_mean,base_token_rank_post_mean,entropy_delta_mean,kl_divergence_mean,donor_token_prob_delta_mean,donor_token_prob_increase_rate_mean,donor_token_logit_delta_mean,donor_token_rank_pre_mean,donor_token_rank_post_mean,donor_token_rank_increased_ratio
L14.H5,42,-0.1031218029203869,0.7380952380952381,0.14285714285714285,-0.6199776785714286,1,0.603440828266598,0.1751802347910901,0.003510347434452602,5.747781671027268,0.9308500744047619,227,101,0.9285714285714286
L16.H6,42,-0.02217901320684524,0.6428571428571429,0.07142857142857142,-0.10584077380952381,1,0.16171586087771825,0.02831695356317574,0.0006132693517775763,0.8415266094921643,0.4379185267857143,227,163,0.7619047619047619
L22.H2,42,-0.04686192103794643,0.8095238095238095,0.11904761904761904,-0.3411458333333333,1,0.27143952676228117,0.03910886945335993,0.004000670853115264,1.3921168113485851,0.5777064732142857,227,165,0.9761904761904762
