head,prompt_count,base_token_prob_delta_mean,base_token_prob_decrease_ratio,base_token_changed_ratio,base_token_logit_delta_mean,base_token_rank_post_mean,entropy_delta_mean,kl_divergence_mean,donor_token_prob_delta_mean,donor_token_prob_increase_rate_mean,donor_token_logit_delta_mean,donor_token_rank_pre_mean,donor_token_rank_post_mean,donor_token_rank_increased_ratio
L14.H5,41,-0.0711822509765625,0.8048780487804879,0.24390243902439024,-0.6432926829268293,2,0.4770790556582009,0.16104808810916615,0.002588144162806069,11.30352148690437,0.6762576219512195,240,111,0.8048780487804879
L13.H15,41,-0.018320967511432928,0.7317073170731707,0.0975609756097561,-0.1480564024390244,1,0.11817149418156321,0.022164271701490733,0.0005054793706754359,0.5947513620779941,0.2684832317073171,240,166,0.6341463414634146
L22.H2,41,-0.040473751905487805,0.8292682926829268,0.21951219512195122,-0.36623475609756095,1,0.27812168365571555,0.04332110475430765,0.006787933954378453,1.6136052704781316,0.6573932926829268,240,183,0.975609756097561
