head,prompt_count,base_token_prob_delta_mean,base_token_prob_decrease_ratio,base_token_changed_ratio,base_token_logit_delta_mean,base_token_rank_post_mean,entropy_delta_mean,kl_divergence_mean,donor_token_prob_delta_mean,donor_token_prob_increase_rate_mean,donor_token_logit_delta_mean,donor_token_rank_pre_mean,donor_token_rank_post_mean,donor_token_rank_increased_ratio
L14.H5,45,-0.05526699490017361,0.9333333333333333,0.15555555555555556,-0.5256944444444445,1,0.353996917936537,0.09590263575988098,0.004297943909962972,3.5235832592303677,0.9347222222222222,342,196,0.9111111111111111
L11.H1,45,-0.02382541232638889,0.7333333333333333,0.08888888888888889,-0.23836805555555557,1,0.19835128254360623,0.03902750919676489,0.0012495623694525825,1.2311461599656255,0.59375,342,228,0.8666666666666667
L13.H0,45,-0.021182590060763888,0.8888888888888888,0.06666666666666667,-0.18784722222222222,1,0.12426882319980198,0.015507897439723214,0.0011036237080891927,0.8986441153511543,0.3229166666666667,342,263,0.7555555555555555
