head,prompt_count,base_token_prob_delta_mean,base_token_prob_decrease_ratio,base_token_changed_ratio,base_token_logit_delta_mean,base_token_rank_post_mean,entropy_delta_mean,kl_divergence_mean,donor_token_prob_delta_mean,donor_token_prob_increase_rate_mean,donor_token_logit_delta_mean,donor_token_rank_pre_mean,donor_token_rank_post_mean,donor_token_rank_increased_ratio
L13.H6,100,-0.10758331298828125,0.84,0.12,-0.86546875,1,0.47697153240442275,0.23162066169199533,0.02079879343509674,296.6196633332843,3.89197265625,591,55,0.99
L15.H7,100,-0.049102783203125,0.63,0.02,-0.393671875,1,0.24094366915524007,0.0817875449708663,0.0053562760353088375,69.46099577501151,2.57642578125,591,106,0.99
L12.H0,100,-0.00870361328125,0.5,0.03,-0.03328125,1,0.00017922312021255492,0.06763614709023386,0.000996706485748291,6.193168109444645,1.29734375,591,250,0.95
L11.H6,100,-0.0216796875,0.71,0.01,-0.228203125,1,0.12811250180006029,0.021270209700160195,0.0010075134038925171,3.9893251956237754,1.2087890625,591,287,0.97
L22.H2,100,-0.0680865478515625,0.88,0.03,-0.612734375,1,0.38834543362259866,0.04549677521223203,0.001493951678276062,6.079148620189955,1.11453125,591,302,0.97
L11.H1,100,-0.01924072265625,0.65,0.0,-0.2078125,1,0.1110819398611784,0.027446634331863607,0.000634453296661377,2.794764013719714,0.947099609375,591,322,0.97
L12.H15,100,-0.0122998046875,0.69,0.0,-0.146015625,1,0.08933791473507881,0.01603639594366541,0.000666249394416809,2.425519439109275,0.960625,591,343,0.98
