head,prompt_count,base_token_prob_delta_mean,base_token_prob_decrease_ratio,base_token_changed_ratio,base_token_logit_delta_mean,base_token_rank_post_mean,entropy_delta_mean,kl_divergence_mean
L14.H5,26,-0.08295616736778846,0.9230769230769231,0.07692307692307693,-0.41015625,1,0.47700182978923505,0.06648170432219139
L15.H13,26,-0.07750760591947116,0.8461538461538461,0.07692307692307693,-0.48617788461538464,1,0.5106828396136944,0.10751216421620204
L11.H1,26,-0.05559598482572115,1.0,0.07692307692307693,-0.29897836538461536,1,0.3291800618171692,0.028159394036405362
