head,prompt_count,base_token_prob_delta_mean,base_token_prob_decrease_ratio,base_token_changed_ratio,base_token_logit_delta_mean,base_token_rank_post_mean,entropy_delta_mean,kl_divergence_mean,donor_token_prob_delta_mean,donor_token_prob_increase_rate_mean,donor_token_logit_delta_mean,donor_token_rank_pre_mean,donor_token_rank_post_mean,donor_token_rank_increased_ratio
L22.H2,29,-0.05235395760371767,0.7586206896551724,0.10344827586206896,-0.6322737068965517,1,0.26269389252210484,0.05481811454178412,0.0003152695195428256,22612.9009177947,0.9898765827047413,1745,1198,0.7931034482758621
L16.H6,29,-0.007307381465517241,0.5517241379310345,0.06896551724137931,-0.13820043103448276,1,0.06273027856288285,0.030751225444215255,3.0733388045738485e-05,4111.331025179059,0.3920393318965517,1745,1420,0.7586206896551724
L23.H9,29,-0.0037904936691810346,0.4482758620689655,0.034482758620689655,-0.07731681034482758,1,0.014782391873926952,0.006216281695052548,1.4251676099053744e-05,6166.190609126176,0.21890574488146552,1745,1482,0.6896551724137931
L0.H6,29,-0.003224339978448276,0.3793103448275862,0.034482758620689655,-0.007543103448275862,1,-0.004691945581600584,0.008800545511897734,-3.972957874166555e-06,0.11687463800305152,0.052389210668103446,1745,1489,0.5862068965517241
L23.H13,29,-0.006989577720905173,0.7241379310344828,0.0,-0.11503232758620689,1,0.039158920147295655,0.007958109303029327,7.30382985082166e-05,4111.064342598557,0.2751537191456762,1745,1498,0.7586206896551724
L18.H15,29,-0.005329000538793103,0.5517241379310345,0.034482758620689655,-0.11691810344827586,1,0.039054350477868115,0.025765035099005937,9.338814636756634e-05,2056.121519873215,0.2792589911099138,1745,1501,0.5862068965517241
L21.H10,29,-0.006128771551724138,0.6551724137931034,0.034482758620689655,-0.04983836206896552,1,0.032930509668999706,0.011747500839631138,-2.403916983768858e-05,4111.119252190112,0.3983238483297414,1745,1506,0.7586206896551724
L19.H7,29,-0.0356866244612069,0.6206896551724138,0.034482758620689655,-0.28663793103448276,1,0.16718533725060267,0.04576105311219902,2.9699555758772227e-06,2055.833681995159,0.04841666386045258,1745,1517,0.5862068965517241
L0.H15,29,-0.011278875942887932,0.5862068965517241,0.034482758620689655,-0.13631465517241378,1,0.04037333125698155,0.01175273727044598,-4.036673184098868e-06,2055.682657375273,0.09914003569504311,1745,1518,0.3103448275862069
