head,prompt_count,base_token_prob_delta_mean,base_token_prob_decrease_ratio,base_token_changed_ratio,base_token_logit_delta_mean,base_token_rank_post_mean,entropy_delta_mean,kl_divergence_mean
L13.H11,45,-0.11434699164496528,1.0,0.6,-1.2114583333333333,3,0.4319047239091661,0.3345426549514135
L9.H2,45,-0.10674574110243056,1.0,0.5555555555555556,-1.2682291666666667,2,0.8147432274288602,0.350281165043513
L20.H11,45,-0.06514078776041667,1.0,0.3333333333333333,-0.48802083333333335,2,0.16731717321607803,0.17450645052724414
