head,prompt_count,base_token_prob_delta_mean,base_token_prob_decrease_ratio,base_token_changed_ratio,base_token_logit_delta_mean,base_token_rank_post_mean,entropy_delta_mean,kl_divergence_mean,donor_token_prob_delta_mean,donor_token_prob_increase_rate_mean,donor_token_logit_delta_mean,donor_token_rank_pre_mean,donor_token_rank_post_mean,donor_token_rank_increased_ratio
L11.H1,75,-0.01927734375,0.8933333333333333,0.16,-0.1296875,1,0.060301624933878584,0.011480812639929354,0.009420572916666667,0.2400093824688011,0.19458333333333333,7,5,0.6
L14.H7,75,-0.016201171875,0.84,0.17333333333333334,-0.1234375,1,0.0626125144958496,0.012630287463931987,0.007844696044921875,0.21998058462884815,0.16291666666666665,7,5,0.5733333333333334
L15.H7,75,-0.00919921875,0.6933333333333334,0.13333333333333333,-0.06833333333333333,1,0.02425872802734375,0.011661971647602817,0.007507985432942709,0.17412037149870882,0.14375,7,6,0.49333333333333335
L14.H5,75,-0.008735758463541667,0.7466666666666667,0.12,-0.079375,1,0.02758734067281087,0.006724199293724572,0.004476470947265625,0.15298298242074077,0.1228125,7,6,0.4666666666666667
L19.H2,75,-0.008002115885416666,0.8266666666666667,0.10666666666666667,-0.06354166666666666,1,0.022350422541300454,0.003901504632085562,0.004561258951822917,0.14028860822047637,0.11864583333333334,7,6,0.49333333333333335
L21.H0,75,-0.01025390625,0.88,0.06666666666666667,-0.075625,1,0.040011170705159506,0.002624193684896454,0.004122365315755209,0.11853186626886099,0.09166666666666666,7,6,0.3333333333333333
L21.H10,75,-0.005334065755208333,0.7333333333333333,0.04,-0.0359375,1,0.018568159739176433,0.00234582995219777,0.0033321126302083334,0.09164847075822491,0.08291666666666667,7,6,0.44
