head,prompt_count,base_token_prob_delta_mean,base_token_prob_decrease_ratio,base_token_changed_ratio,base_token_logit_delta_mean,base_token_rank_post_mean,entropy_delta_mean,kl_divergence_mean
L9.H2,23,-0.21055117897365405,1.0,0.8260869565217391,-2.2197690217391304,8,0.5873335444408915,0.4466369935999746
L11.H1,23,-0.1307731296705163,0.9565217391304348,0.5652173913043478,-1.1878396739130435,2,0.46993620499320654,0.1333949005474215
L6.H15,23,-0.12850487750509512,1.0,0.6086956521739131,-1.107336956521739,3,0.5506155076234237,0.12933328099872754
