head,prompt_count,base_token_prob_delta_mean,base_token_prob_decrease_ratio,base_token_changed_ratio,base_token_logit_delta_mean,base_token_rank_post_mean,entropy_delta_mean,kl_divergence_mean,donor_token_prob_delta_mean,donor_token_prob_increase_rate_mean,donor_token_logit_delta_mean,donor_token_rank_pre_mean,donor_token_rank_post_mean,donor_token_rank_increased_ratio
L7.H7,30,-0.4026811520258586,1.0,0.9,-5.060677083333333,35,1.012438666820526,3.4151871080199876,0.082691357533137,11767237.630636431,3.8664143880208335,1212,219,0.8666666666666667
L13.H6,30,-0.05144220987955729,0.7333333333333333,0.2,-0.34375,2,0.20264580051104228,0.3169801165466197,-0.0007011195023854574,57620.24231983561,0.5721110026041667,1212,519,0.5333333333333333
L22.H2,30,-0.0299560546875,0.7,0.06666666666666667,-0.3763020833333333,1,0.18389204343159993,0.033689641207456586,0.0009435852368672689,17884.79574562456,1.0504150390625,1212,608,0.8666666666666667
