head,prompt_count,base_token_prob_delta_mean,base_token_prob_decrease_ratio,base_token_changed_ratio,base_token_logit_delta_mean,base_token_rank_post_mean,entropy_delta_mean,kl_divergence_mean,donor_token_prob_delta_mean,donor_token_prob_increase_rate_mean,donor_token_logit_delta_mean,donor_token_rank_pre_mean,donor_token_rank_post_mean,donor_token_rank_increased_ratio
L13.H1,101,-0.008328579439975248,0.5445544554455446,0.009900990099009901,-0.0484220297029703,1,0.04266464710235596,0.0052168496151334875,0.00025969271612639474,2.2601593842028604,0.9588876856435643,492,214,0.9702970297029703
L22.H2,101,-0.1470596766707921,1.0,0.12871287128712872,-0.6632889851485149,1,0.5245334299484102,0.053157227510346634,0.0002937582459780249,1.9771224051501781,0.7617961014851485,492,257,1.0
L14.H6,101,-0.02134054958230198,0.6633663366336634,0.009900990099009901,-0.10040222772277228,1,0.09114319027060329,0.006113359941910759,0.00033728498043400225,2.097268295947212,0.7983060024752475,492,279,0.9900990099009901
L17.H0,101,-0.13471486308787128,0.9702970297029703,0.21782178217821782,-0.6840191831683168,1,0.4522802723516332,0.08162952997228408,0.0008375249286689381,3.0154488034435842,0.9199025371287128,492,299,1.0
L17.H13,101,-0.04933332688737624,0.8415841584158416,0.039603960396039604,-0.2400990099009901,1,0.19437315676471975,0.03170362800784181,0.0003008807059561852,2.2671395537831174,0.5532178217821783,492,326,0.9801980198019802
L13.H6,101,-0.012608292079207922,0.5742574257425742,0.0,-0.023050742574257425,1,0.07449366727677903,0.007591399394141713,0.00020981012004436832,0.9752180998164341,0.6662670173267327,492,327,1.0
L15.H15,101,-0.08875539043162128,0.9504950495049505,0.12871287128712872,-0.4162283415841584,1,0.31865167499768854,0.04739153112018582,0.001273088526017595,3.028920663994276,0.7712716584158416,492,338,0.9801980198019802
L15.H7,101,-0.004307510829207921,0.594059405940594,0.0,-0.029548267326732672,1,0.030683885706533298,0.0014674432591839444,6.0941323195353596e-05,0.5033945782511637,0.34171952351485146,492,367,0.9801980198019802
L11.H8,101,-0.020925993966584157,0.693069306930693,0.019801980198019802,-0.1051980198019802,1,0.13718397664551688,0.009500866565659715,0.00012033174533655148,0.6436553128312803,0.4181041150990099,492,377,1.0
