head,prompt_count,base_token_prob_delta_mean,base_token_prob_decrease_ratio,base_token_changed_ratio,base_token_logit_delta_mean,base_token_rank_post_mean,entropy_delta_mean,kl_divergence_mean,donor_token_prob_delta_mean,donor_token_prob_increase_rate_mean,donor_token_logit_delta_mean,donor_token_rank_pre_mean,donor_token_rank_post_mean,donor_token_rank_increased_ratio
L14.H5,27,-0.08980419017650464,0.9259259259259259,0.2962962962962963,-0.31568287037037035,1,0.14064477991174767,0.06326741545840546,0.0396770989453351,1.9447589134584404,0.8846932870370371,30,10,0.7407407407407407
L15.H13,27,-0.0654590747974537,0.8888888888888888,0.18518518518518517,-0.23466435185185186,1,0.11526515086491902,0.03636556180814902,0.020836238507871276,1.1141791608874496,0.5878182870370371,30,13,0.5555555555555556
L12.H8,27,-0.06153700086805555,0.8888888888888888,0.14814814814814814,-0.2717013888888889,1,0.08210922612084283,0.06105257274100074,0.026964108149210613,0.816552757718151,0.45211226851851855,30,17,0.48148148148148145
L14.H4,27,-0.047578034577546294,0.8888888888888888,0.14814814814814814,-0.2103587962962963,1,0.14151974739851775,0.022535292776646437,0.013400369220309787,0.7318279566044882,0.3841145833333333,30,17,0.5555555555555556
L13.H13,27,-0.02800609447337963,0.7777777777777778,0.1111111111111111,-0.10040509259259259,1,0.05195085649137144,0.013739556979594959,0.013439761267768012,0.40933562994497297,0.3042534722222222,30,20,0.5925925925925926
