head,prompt_count,base_token_prob_delta_mean,base_token_prob_decrease_ratio,base_token_changed_ratio,base_token_logit_delta_mean,base_token_rank_post_mean,entropy_delta_mean,kl_divergence_mean,donor_token_prob_delta_mean,donor_token_prob_increase_rate_mean,donor_token_logit_delta_mean,donor_token_rank_pre_mean,donor_token_rank_post_mean,donor_token_rank_increased_ratio
L15.H7,28,-0.19995771135602677,0.9642857142857143,0.35714285714285715,-1.3049665178571428,2,1.0197750883443015,0.436814940401486,0.06284434880529131,608.2543698535666,4.994768415178571,713,7,1.0
L17.H6,28,-0.06774466378348214,0.9642857142857143,0.10714285714285714,-0.48158482142857145,1,0.5103888554232461,0.07911785191390663,0.007753346647535052,31.23803943819399,2.581821986607143,713,75,1.0
L17.H0,28,-0.018984113420758928,0.8214285714285714,0.0,-0.12248883928571429,1,0.13254280175481523,0.007958367250726692,0.0010723599365779332,1.7340391167047655,0.8297991071428571,713,372,1.0
