head,prompt_count,base_token_prob_delta_mean,base_token_prob_decrease_ratio,base_token_changed_ratio,base_token_logit_delta_mean,base_token_rank_post_mean,entropy_delta_mean,kl_divergence_mean,donor_token_prob_delta_mean,donor_token_prob_increase_rate_mean,donor_token_logit_delta_mean,donor_token_rank_pre_mean,donor_token_rank_post_mean,donor_token_rank_increased_ratio
L15.H7,105,-0.14799543108258928,0.7523809523809524,0.19047619047619047,-0.7840029761904762,1,0.4816217053504217,0.2788719373799506,0.06560157310395014,2052.965415537508,4.968736049107143,623,12,0.9714285714285714
L17.H6,105,-0.07496570405505952,0.819047619047619,0.047619047619047616,-0.4348958333333333,1,0.2994873092288063,0.09824226437402624,0.023371545473734538,146.68198796580745,3.4143833705357145,623,58,0.9809523809523809
L17.H0,105,-0.017631603422619047,0.8,0.01904761904761905,-0.12805059523809523,1,0.07372312659309024,0.009908895375251416,0.004857659339904785,2.6879528367289236,0.9432849702380952,623,354,0.9428571428571428
L13.H1,105,0.010874720982142858,0.4095238095238095,0.0,0.08898809523809524,1,-0.05422975733166649,0.01117255608218589,0.0014313283420744397,0.8668911167724558,0.6085332961309524,623,376,0.8666666666666667
L14.H7,105,0.0017880394345238095,0.4857142857142857,0.0,-0.012797619047619047,1,-0.010079088949021838,0.005653084168720636,0.00032334838594709123,0.7981199547020592,0.49181547619047616,623,411,0.8380952380952381
L16.H6,105,0.00784970238095238,0.4095238095238095,0.009523809523809525,0.028645833333333332,1,-0.0285074097769601,0.008516831972658456,0.0014730039097013928,0.7287100936279614,0.5125093005952381,623,428,0.8952380952380953
L15.H3,105,-0.0026413690476190478,0.5047619047619047,0.02857142857142857,-0.009151785714285715,1,0.0010870138804117838,0.013861068350351637,0.0024915774663289386,0.9579542259552688,0.4610816592261905,623,448,0.819047619047619
