head,prompt_count,base_token_prob_delta_mean,base_token_prob_decrease_ratio,base_token_changed_ratio,base_token_logit_delta_mean,base_token_rank_post_mean,entropy_delta_mean,kl_divergence_mean
L9.H2,40,-0.19365386962890624,0.975,0.225,-1.064453125,1,1.0921682871878147,0.2544309732038528
L11.H3,40,-0.098333740234375,0.925,0.125,-0.4435546875,1,0.4979133978486061,0.07577911650296301
L13.H11,40,-0.0853546142578125,0.775,0.125,-0.124609375,1,0.35216109380126,0.11380783821223303
L11.H1,40,-0.0701385498046875,0.9,0.05,-0.3083984375,1,0.3686629317700863,0.04402865304728039
L13.H12,40,-0.05806884765625,0.875,0.05,-0.3259765625,1,0.33124458193778994,0.03537076007341966
L14.H5,40,-0.0510162353515625,0.825,0.125,-0.2744140625,1,0.22703019864857196,0.05849227325816173
L13.H2,40,-0.04814605712890625,0.825,0.15,-0.3462890625,1,0.20261882543563842,0.035892569681163874
