head,prompt_count,base_token_prob_delta_mean,base_token_prob_decrease_ratio,base_token_changed_ratio,base_token_logit_delta_mean,base_token_rank_post_mean,entropy_delta_mean,kl_divergence_mean
L12.H8,27,-0.1010425708912037,0.8148148148148148,0.3333333333333333,-0.6814236111111112,1,0.43436049532007287,0.09595001154337768
L11.H14,27,-0.056315104166666664,0.8148148148148148,0.14814814814814814,-0.37962962962962965,1,0.2935735781987508,0.015761666025759444
L12.H12,27,-0.05189344618055555,1.0,0.07407407407407407,-0.3695023148148148,1,0.367721610599094,0.013250584300193522
L10.H9,27,-0.050107602719907406,0.9629629629629629,0.07407407407407407,-0.28153935185185186,1,0.2522423929638333,0.01302571324804039
L11.H1,27,-0.048398618344907406,0.9629629629629629,0.07407407407407407,-0.30844907407407407,1,0.24630011011053016,0.016226175724080315
L14.H5,27,-0.04640254267939815,0.7777777777777778,0.2222222222222222,-0.3654513888888889,1,0.24357887550636573,0.03374567020822455
L15.H7,27,-0.04273365162037037,0.7407407407407407,0.14814814814814814,-0.18489583333333334,1,0.13218264447318184,0.02039801760757756
L15.H13,27,-0.04240134910300926,0.7777777777777778,0.14814814814814814,-0.1675347222222222,1,0.08495544062720405,0.03213407093210629
L23.H9,27,-0.041623716001157406,0.7777777777777778,0.0,-0.5147569444444444,1,0.3600537732795433,0.021546329682072003
