head,prompt_count,base_token_prob_delta_mean,base_token_prob_decrease_ratio,base_token_changed_ratio,base_token_logit_delta_mean,base_token_rank_post_mean,entropy_delta_mean,kl_divergence_mean
L14.H5,26,-0.08295616736778846,0.9230769230769231,0.07692307692307693,-0.41015625,1,0.47700182978923505,0.06648170432219139
L15.H13,26,-0.07750760591947116,0.8461538461538461,0.07692307692307693,-0.48617788461538464,1,0.5106828396136944,0.10751216421620204
L11.H1,26,-0.05559598482572115,1.0,0.07692307692307693,-0.29897836538461536,1,0.3291800618171692,0.028159394036405362
L12.H8,26,-0.053206223707932696,0.7692307692307693,0.11538461538461539,-0.44711538461538464,1,0.399819016456604,0.047034027735487774
L13.H13,26,-0.039412278395432696,0.8076923076923077,0.038461538461538464,-0.24759615384615385,1,0.241056345976316,0.028300206212756727
L12.H9,26,-0.03782301682692308,0.7307692307692307,0.0,-0.19170673076923078,1,0.2297438635275914,0.02014422353106336
L14.H15,26,-0.036055344801682696,0.8461538461538461,0.0,-0.30228365384615385,1,0.2682991119531485,0.013932232207690295
L9.H2,26,-0.03367966871995192,0.8461538461538461,0.07692307692307693,-0.15324519230769232,1,0.19624747679783747,0.018245834230373684
L11.H11,26,-0.03213031475360577,0.7692307692307693,0.11538461538461539,-0.12620192307692307,1,0.14649748802185059,0.021260714444976587
