head,prompt_count,base_token_prob_delta_mean,base_token_prob_decrease_ratio,base_token_changed_ratio,base_token_logit_delta_mean,base_token_rank_post_mean,entropy_delta_mean,kl_divergence_mean,donor_token_prob_delta_mean,donor_token_prob_increase_rate_mean,donor_token_logit_delta_mean,donor_token_rank_pre_mean,donor_token_rank_post_mean,donor_token_rank_increased_ratio
L15.H7,165,-0.09864386356238163,0.7818181818181819,0.2909090909090909,-0.8230113636363636,2,0.4548962080117428,0.24308345832607964,0.006374411510698723,17424.929112587037,2.4578746448863638,931,171,0.9939393939393939
L13.H6,165,-0.05107061212713068,0.6909090909090909,0.17575757575757575,-0.5316287878787879,1,0.3021178362947522,0.1352898959634882,0.007578129118139093,1110.6196553494585,2.4363325639204545,931,255,1.0
L11.H6,165,-0.04010065252130682,0.7636363636363637,0.13333333333333333,-0.42547348484848485,1,0.26066554875084846,0.07552179897655592,0.005298828717434045,734.0942493059285,1.892331025094697,931,390,0.9939393939393939
L22.H2,165,-0.04836573745265151,0.8606060606060606,0.10303030303030303,-0.49142992424242427,1,0.3374432487921281,0.04383268055301442,0.0019926995942086884,4.122043705492578,0.9346487334280303,931,626,0.9757575757575757
L12.H15,165,-0.02342751242897727,0.7151515151515152,0.11515151515151516,-0.2234375,1,0.14271543820699056,0.02559655686332421,0.0013547828703215628,363.2399394366239,0.8205433238636364,931,629,0.9939393939393939
