head,prompt_count,base_token_prob_delta_mean,base_token_prob_decrease_ratio,base_token_changed_ratio,base_token_logit_delta_mean,base_token_rank_post_mean,entropy_delta_mean,kl_divergence_mean
L23.H9,105,-0.08759533110119047,0.9809523809523809,0.0380952380952381,-0.8457589285714285,1,0.41626891720862613,0.03005501501084793
L5.H3,105,-0.08522716703869047,0.8761904761904762,0.01904761904761905,-0.5698660714285714,1,0.5022255105631692,0.06298825546566929
L12.H8,105,-0.06289760044642857,0.9142857142857143,0.009523809523809525,-0.6308779761904761,1,0.3733565725031353,0.027128902153067645
L14.H5,105,-0.03986467633928571,0.9238095238095239,0.009523809523809525,-0.3698660714285714,1,0.20779278846014113,0.010793736419596132
L17.H6,105,-0.03411342075892857,0.7333333333333333,0.047619047619047616,-0.2002232142857143,1,0.1441950826417832,0.03861907122967144
L11.H1,105,-0.032261439732142856,0.6666666666666666,0.01904761904761905,-0.2467261904761905,1,0.1458856551420121,0.0340324009458224
L11.H15,105,-0.027212379092261905,0.7238095238095238,0.009523809523809525,-0.09270833333333334,1,0.07173440569923037,0.013708528436143837
