head,prompt_count,base_token_prob_delta_mean,base_token_prob_decrease_ratio,base_token_changed_ratio,base_token_logit_delta_mean,base_token_rank_post_mean,entropy_delta_mean,kl_divergence_mean,donor_token_prob_delta_mean,donor_token_prob_increase_rate_mean,donor_token_logit_delta_mean,donor_token_rank_pre_mean,donor_token_rank_post_mean,donor_token_rank_increased_ratio
L15.H7,89,-0.04577036654011587,0.8539325842696629,0.4157303370786517,-0.5362535112359551,2,0.25666877660858495,0.14060197793617008,0.007669925689697266,86.67472153786217,2.874369074789326,3082,245,0.9887640449438202
L17.H6,89,-0.03845797763781601,0.8539325842696629,0.3146067415730337,-0.37034761235955055,2,0.21444112799140844,0.09196513101165549,0.0074982683310348,17.294035783676087,1.9526257461376404,3082,744,0.9550561797752809
L17.H0,89,-0.004237485735603933,0.6292134831460674,0.14606741573033707,-0.06030547752808989,1,0.03620465417926231,0.013857874250185958,0.0008984924702162153,1.5080841417337583,0.7200557408707865,3082,1733,0.898876404494382
L22.H2,89,-0.03041333830758427,0.8202247191011236,0.2808988764044944,-0.29608497191011235,2,0.152965540296576,0.01799271282938759,0.0010241075847925766,0.8829933884966706,0.46558988764044945,3082,2208,0.8876404494382022
L14.H7,89,-0.0014840458216292135,0.5730337078651685,0.07865168539325842,-0.021945224719101125,1,0.0095347822382209,0.006509199108028513,0.0005360044790117928,0.5582603513849504,0.36389571629213485,3082,2241,0.8314606741573034
L19.H5,89,-0.011340194873595506,0.6853932584269663,0.14606741573033707,-0.1094627808988764,1,0.05047884148158384,0.0056635420913337155,0.0004180475567164046,0.5897946216619429,0.3542919373244382,3082,2337,0.7640449438202247
L16.H2,89,-0.0034594589404845504,0.5393258426966292,0.06741573033707865,-0.028002106741573034,1,0.018778739350565364,0.011040683551900759,0.0001995951941843783,0.5862238028134361,0.32300404752238415,3082,2351,0.7528089887640449
