head,prompt_count,base_token_prob_delta_mean,base_token_prob_decrease_ratio,base_token_changed_ratio,base_token_logit_delta_mean,base_token_rank_post_mean,entropy_delta_mean,kl_divergence_mean,donor_token_prob_delta_mean,donor_token_prob_increase_rate_mean,donor_token_logit_delta_mean,donor_token_rank_pre_mean,donor_token_rank_post_mean,donor_token_rank_increased_ratio
L14.H5,40,-0.050155258178710936,0.7,0.175,-0.43984375,2,0.3375441201031208,0.14846917703252985,0.005624057352542877,6.5512714671349,1.1078857421875,674,319,0.875
L22.H2,40,-0.05632171630859375,0.8,0.05,-0.4587890625,1,0.3141351088881493,0.05453515114495531,0.006144991517066956,2.3715328544906873,0.8252685546875,674,463,0.975
L11.H1,40,-0.02911224365234375,0.725,0.125,-0.2650390625,1,0.17764366120100022,0.03901730694924481,0.0018720924854278564,2.2208195019670227,0.60693359375,674,480,0.9
L13.H15,40,-0.02816619873046875,0.625,0.125,-0.180859375,1,0.12775016203522682,0.03727394106099382,0.0012717455625534057,0.9412397123131756,0.5117431640625,674,502,0.95
L16.H6,40,-0.01494598388671875,0.65,0.1,-0.1509765625,1,0.15089910179376603,0.0323065499032964,0.000594271719455719,0.694159583836753,0.3356689453125,674,512,0.825
L11.H6,40,-0.02926025390625,0.675,0.0,-0.209765625,1,0.16964538395404816,0.03482087633456103,0.004545471072196961,1.363483996647886,0.5724853515625,674,550,0.825
L22.H0,40,-0.0158233642578125,0.475,0.1,-0.142578125,1,0.1002832069993019,0.022955756878945976,0.0010510504245758057,0.7900152331401107,0.3912353515625,674,570,0.9
