head,prompt_count,base_token_prob_delta_mean,base_token_prob_decrease_ratio,base_token_changed_ratio,base_token_logit_delta_mean,base_token_rank_post_mean,entropy_delta_mean,kl_divergence_mean,donor_token_prob_delta_mean,donor_token_prob_increase_rate_mean,donor_token_logit_delta_mean,donor_token_rank_pre_mean,donor_token_rank_post_mean,donor_token_rank_increased_ratio
L14.H7,35,-0.029183523995535716,0.6,0.2857142857142857,-0.2734375,2,0.12260438374110631,0.11387894632560866,0.004828204427446638,15.924040192179197,1.5823102678571428,454,101,0.9428571428571428
L15.H7,35,-0.06641104561941964,0.9428571428571428,0.42857142857142855,-0.5301339285714286,2,0.21750683784484864,0.13887816342924322,0.009251184122903006,10.869487885633111,1.822377232142857,454,106,1.0
L14.H5,35,-0.048148454938616074,0.7714285714285715,0.3142857142857143,-0.3919642857142857,2,0.12610301290239606,0.15304924047419002,0.005073136942727225,8.382211847842841,1.5752790178571427,454,139,0.9714285714285714
L16.H6,35,0.0063581194196428575,0.4,0.02857142857142857,0.06428571428571428,1,-0.01850208554949079,0.015896574155028376,0.0010183351380484444,0.6811332313957307,0.5133928571428571,454,305,0.8857142857142857
L16.H15,35,-0.025142996651785713,0.6857142857142857,0.17142857142857143,-0.19174107142857144,1,0.10766960552760534,0.03355451234217201,0.002608672210148403,1.245768283440876,0.6560825892857143,454,307,0.9428571428571428
