head,prompt_count,base_token_prob_delta_mean,base_token_prob_decrease_ratio,base_token_changed_ratio,base_token_logit_delta_mean,base_token_rank_post_mean,entropy_delta_mean,kl_divergence_mean
L9.H2,23,-0.21055117897365405,1.0,0.8260869565217391,-2.2197690217391304,8,0.5873335444408915,0.4466369935999746
L11.H1,23,-0.1307731296705163,0.9565217391304348,0.5652173913043478,-1.1878396739130435,2,0.46993620499320654,0.1333949005474215
L6.H15,23,-0.12850487750509512,1.0,0.6086956521739131,-1.107336956521739,3,0.5506155076234237,0.12933328099872754
L7.H14,23,-0.12371428116508153,1.0,0.5652173913043478,-1.017663043478261,2,0.4498828079389489,0.14046996702318607
L13.H0,23,-0.11378279976222826,0.9130434782608695,0.6521739130434783,-0.6599864130434783,2,0.0035959223042363706,0.11798356206196806
L9.H11,23,-0.09090655782948369,1.0,0.43478260869565216,-0.7319972826086957,2,0.3893717579219652,0.05003986961167792
L23.H9,23,-0.07251241932744565,1.0,0.21739130434782608,-0.6667798913043478,1,0.36518996694813605,0.025402047509408516
