head,prompt_count,base_token_prob_delta_mean,base_token_prob_decrease_ratio,base_token_changed_ratio,base_token_logit_delta_mean,base_token_rank_post_mean,entropy_delta_mean,kl_divergence_mean,donor_token_prob_delta_mean,donor_token_prob_increase_rate_mean,donor_token_logit_delta_mean,donor_token_rank_pre_mean,donor_token_rank_post_mean,donor_token_rank_increased_ratio
L15.H7,89,-0.04577036654011587,0.8539325842696629,0.4157303370786517,-0.5362535112359551,2,0.25666877660858495,0.14060197793617008,0.007669925689697266,86.67472153786217,2.874369074789326,3082,245,0.9887640449438202
L17.H6,89,-0.03845797763781601,0.8539325842696629,0.3146067415730337,-0.37034761235955055,2,0.21444112799140844,0.09196513101165549,0.0074982683310348,17.294035783676087,1.9526257461376404,3082,744,0.9550561797752809
L17.H0,89,-0.004237485735603933,0.6292134831460674,0.14606741573033707,-0.06030547752808989,1,0.03620465417926231,0.013857874250185958,0.0008984924702162153,1.5080841417337583,0.7200557408707865,3082,1733,0.898876404494382
