head,prompt_count,base_token_prob_delta_mean,base_token_prob_decrease_ratio,base_token_changed_ratio,base_token_logit_delta_mean,base_token_rank_post_mean,entropy_delta_mean,kl_divergence_mean
L17.H7,49,-0.04350093919403699,0.8775510204081632,0.16326530612244897,-0.4293686224489796,1,0.3059580374737175,0.037656639586796756
L16.H8,49,-0.0342170559630102,0.9591836734693877,0.14285714285714285,-0.22576530612244897,1,0.25477970862875177,0.014423207085275528
L17.H2,49,-0.03134279834980867,0.9387755102040817,0.16326530612244897,-0.17857142857142858,1,0.2104839256831578,0.016864529164622024
L12.H15,49,-0.02581787109375,0.9387755102040817,0.14285714285714285,-0.22688137755102042,1,0.24523060662405832,0.011984546972932865
L13.H6,49,-0.02433247468909439,0.8979591836734694,0.02040816326530612,-0.26291454081632654,1,0.2734278756745008,0.01246792683377862
L8.H15,49,-0.02415435168207908,1.0,0.061224489795918366,-0.2576530612244898,1,0.29727138791765484,0.016276273952454935
L14.H3,49,-0.023033920599489797,0.9591836734693877,0.14285714285714285,-0.2382015306122449,1,0.21988463888362964,0.006791876643249879
L18.H11,49,-0.02198371108697385,0.6530612244897959,0.061224489795918366,-0.22528698979591838,1,0.14083784453722895,0.0202603709601265
L8.H9,49,-0.01896138093909439,0.9591836734693877,0.04081632653061224,-0.17761479591836735,1,0.17233614045746473,0.004649447600300215
