head,prompt_count,base_token_prob_delta_mean,base_token_prob_decrease_ratio,base_token_changed_ratio,base_token_logit_delta_mean,base_token_rank_post_mean,entropy_delta_mean,kl_divergence_mean
L15.H7,35,-0.060090855189732145,0.8857142857142857,0.2857142857142857,-0.39888392857142857,1,0.2697624547140939,0.05895195345261267
L11.H1,35,-0.05249808175223214,1.0,0.2571428571428571,-0.46495535714285713,1,0.29732181685311454,0.027693913344826016
L23.H9,35,-0.051239013671875,0.9142857142857143,0.2857142857142857,-0.6383928571428571,2,0.24048515047345842,0.032433887464659555
L14.H5,35,-0.03872419084821429,0.8857142857142857,0.2571428571428571,-0.3122767857142857,1,0.18660054206848145,0.0620110811399562
L13.H8,35,-0.03521641322544643,0.9142857142857143,0.14285714285714285,-0.5183035714285714,1,0.2938487734113421,0.02880657897996051
L11.H11,35,-0.03231724330357143,0.8571428571428571,0.3142857142857143,-0.29776785714285714,1,0.11741514205932617,0.03533776221530778
L16.H15,35,-0.0186767578125,0.6857142857142857,0.11428571428571428,-0.14017857142857143,1,0.09404292106628417,0.02119465684518218
