head,prompt_count,base_token_prob_delta_mean,base_token_prob_decrease_ratio,base_token_changed_ratio,base_token_logit_delta_mean,base_token_rank_post_mean,entropy_delta_mean,kl_divergence_mean,donor_token_prob_delta_mean,donor_token_prob_increase_rate_mean,donor_token_logit_delta_mean,donor_token_rank_pre_mean,donor_token_rank_post_mean,donor_token_rank_increased_ratio
L22.H2,199,-0.05051126911412531,0.8793969849246231,0.06030150753768844,-0.4800565326633166,1,0.301388406012226,0.04183373699694797,0.001615585094720275,9290.672626713158,1.2090512376334799,2743,1569,0.8793969849246231
L11.H1,199,-0.12998433568369802,0.8291457286432161,0.23618090452261306,-0.9267627198492462,3,0.46845391639812506,0.30776150786930967,0.001043169642213601,10190.936267794905,0.8657229629593279,2743,1946,0.8241206030150754
L13.H1,199,-0.030710958356234296,0.6331658291457286,0.10552763819095477,-0.19967022613065327,1,0.13714266048004878,0.09889643142162471,0.0008776298719434882,4793.822601374841,0.514606725031407,2743,1997,0.6984924623115578
L13.H6,199,-0.09649286318064934,0.8040201005025126,0.21105527638190955,-0.7049309045226131,2,0.3402210202199131,0.2727447250850929,0.0014909916187650595,26961.692943206937,0.9010598647534548,2743,2009,0.8341708542713567
L13.H13,199,-0.025894241716394473,0.592964824120603,0.10050251256281408,-0.1923680904522613,1,0.08905912606260884,0.07870165338820483,0.0006123721300058029,2996.366061332112,0.4324015708424937,2743,2169,0.7738693467336684
