head,prompt_count,base_token_prob_delta_mean,base_token_prob_decrease_ratio,base_token_changed_ratio,base_token_logit_delta_mean,base_token_rank_post_mean,entropy_delta_mean,kl_divergence_mean,donor_token_prob_delta_mean,donor_token_prob_increase_rate_mean,donor_token_logit_delta_mean,donor_token_rank_pre_mean,donor_token_rank_post_mean,donor_token_rank_increased_ratio
L15.H13,32,-0.1712646484375,0.875,0.21875,-1.181884765625,2,0.7221127236261964,0.4366424114559777,0.08755047805607319,6785.25953075757,4.76654052734375,341,18,0.96875
L14.H7,32,-0.044017791748046875,0.71875,0.125,-0.267822265625,1,0.1590275252237916,0.09028653048153501,0.021529633551836014,63.99005630466173,2.05267333984375,341,110,1.0
L14.H5,32,0.007598876953125,0.375,0.03125,-0.020263671875,1,-0.0076683284714818,0.01507194094301667,0.001972714439034462,3.3443388397370937,1.09014892578125,341,139,0.90625
