head,prompt_count,base_token_prob_delta_mean,base_token_prob_decrease_ratio,base_token_changed_ratio,base_token_logit_delta_mean,base_token_rank_post_mean,entropy_delta_mean,kl_divergence_mean,donor_token_prob_delta_mean,donor_token_prob_increase_rate_mean,donor_token_logit_delta_mean,donor_token_rank_pre_mean,donor_token_rank_post_mean,donor_token_rank_increased_ratio
L17.H7,49,-0.043989531847895405,0.8571428571428571,0.1836734693877551,-0.44690688775510207,1,0.3047712189810617,0.040736292366815106,0.002032961164202009,5.7357922136463415,1.0414939413265305,1247,715,0.8163265306122449
L18.H11,49,-0.02266739825813138,0.7346938775510204,0.10204081632653061,-0.21954719387755103,1,0.13811292453688018,0.019904019531428015,6.520748138427734e-05,2.210332320674891,0.5141900510204082,1247,754,0.8163265306122449
L17.H10,49,0.009220668247767858,0.5306122448979592,0.40816326530612246,-0.15035076530612246,2,-0.043650257344148596,0.06474852484023692,0.001859882656408816,1.6450915803733588,0.5974170918367347,1247,818,0.6530612244897959
