head,prompt_count,base_token_prob_delta_mean,base_token_prob_decrease_ratio,base_token_changed_ratio,base_token_logit_delta_mean,base_token_rank_post_mean,entropy_delta_mean,kl_divergence_mean
L10.H7,29,-0.05590399380387931,0.8275862068965517,0.10344827586206896,-0.37957974137931033,1,0.2527059492622984,0.06374948658682617
L0.H12,29,-0.05313057735048492,0.6896551724137931,0.13793103448275862,-0.42941810344827586,1,0.2688345905264904,0.1111653650024954
L22.H2,29,-0.04507551522090517,0.8275862068965517,0.10344827586206896,-0.6198814655172413,1,0.25973037013719824,0.031223458362201827
