head,prompt_count,base_token_prob_delta_mean,base_token_prob_decrease_ratio,base_token_changed_ratio,base_token_logit_delta_mean,base_token_rank_post_mean,entropy_delta_mean,kl_divergence_mean
L10.H0,27,-0.10836961534288195,1.0,0.2222222222222222,-0.6102430555555556,1,0.4925289242355912,0.06729635532462487
L5.H11,27,-0.051830150462962965,0.9629629629629629,0.07407407407407407,-0.2806712962962963,1,0.2792443346094202,0.020439302514272707
L8.H3,27,-0.04490379050925926,1.0,0.1111111111111111,-0.24074074074074073,1,0.23891292677985299,0.010059253329894057
