head,prompt_count,base_token_prob_delta_mean,base_token_prob_decrease_ratio,base_token_changed_ratio,base_token_logit_delta_mean,base_token_rank_post_mean,entropy_delta_mean,kl_divergence_mean
L9.H2,41,-0.15987600931307164,0.9512195121951219,0.4146341463414634,-1.344893292682927,2,1.252067358028598,0.28448494705485133
L11.H1,41,-0.07465790539253049,0.926829268292683,0.14634146341463414,-0.5579268292682927,1,0.49129304653260764,0.05835626826326295
L11.H3,41,-0.048299649866615856,0.8292682926829268,0.21951219512195122,-0.3715701219512195,1,0.3571853535931285,0.08008737489581108
