head,prompt_count,base_token_prob_delta_mean,base_token_prob_decrease_ratio,base_token_changed_ratio,base_token_logit_delta_mean,base_token_rank_post_mean,entropy_delta_mean,kl_divergence_mean,donor_token_prob_delta_mean,donor_token_prob_increase_rate_mean,donor_token_logit_delta_mean,donor_token_rank_pre_mean,donor_token_rank_post_mean,donor_token_rank_increased_ratio
L16.H6,19,-0.010189658717105263,0.47368421052631576,0.05263157894736842,-0.033717105263157895,1,0.008449721101083253,0.014979217906090381,0.0011769062594363564,6275.367434405661,0.7344263980263158,1889,1348,0.8947368421052632
L14.H5,19,-0.002235814144736842,0.631578947368421,0.0,-0.004523026315789474,1,0.019074250208704097,0.019714856491191313,0.0005766874865481728,12549.878633746252,0.7226048519736842,1889,1387,0.8947368421052632
L14.H7,19,-0.008904708059210526,0.47368421052631576,0.0,-0.036595394736842105,1,0.02205607334249898,0.008690331805969197,0.0002943496955068488,6274.73318140127,0.3325452302631579,1889,1449,0.8421052631578947
