head,prompt_count,base_token_prob_delta_mean,base_token_prob_decrease_ratio,base_token_changed_ratio,base_token_logit_delta_mean,base_token_rank_post_mean,entropy_delta_mean,kl_divergence_mean
L11.H11,50,-0.0511273193359375,0.88,0.42,-0.494375,1,0.20128752708435058,0.056879426650702954
L15.H7,50,-0.04476409912109375,0.86,0.24,-0.34265625,1,0.1934485387802124,0.055286372508853675
L23.H9,50,-0.04370849609375,0.98,0.24,-0.595625,1,0.22159096717834473,0.03816558737307787
L12.H8,50,-0.038580322265625,0.82,0.3,-0.46546875,1,0.26619264125823977,0.06607514973729849
L11.H1,50,-0.038011474609375,0.82,0.2,-0.32,1,0.1850268030166626,0.029478290248662234
