head,prompt_count,base_token_prob_delta_mean,base_token_prob_decrease_ratio,base_token_changed_ratio,base_token_logit_delta_mean,base_token_rank_post_mean,entropy_delta_mean,kl_divergence_mean,donor_token_prob_delta_mean,donor_token_prob_increase_rate_mean,donor_token_logit_delta_mean,donor_token_rank_pre_mean,donor_token_rank_post_mean,donor_token_rank_increased_ratio
L15.H13,25,-0.04396484375,0.84,0.36,-0.46375,2,0.17981402397155763,0.11735060311853886,0.023019635677337648,8.644591650340331,1.483125,69,13,0.8
L14.H5,25,-0.009835205078125,0.72,0.12,-0.113125,1,0.051664295196533205,0.013916284190490841,0.0037177443504333497,1.0554812485896228,0.49328125,69,36,0.72
L21.H10,25,-0.009547119140625,0.84,0.0,-0.0746875,1,0.05681027412414551,0.0036727666528895498,0.001838710308074951,0.322587896990528,0.238125,69,53,0.72
L15.H7,25,-0.003341064453125,0.68,0.12,-0.0496875,1,0.020519781112670898,0.01095918078906834,0.004237494468688965,0.5312808338470443,0.34828125,69,54,0.68
L16.H6,25,-0.003282470703125,0.64,0.04,-0.03875,1,0.025807361602783203,0.0027372356341220437,0.0008987593650817871,0.19599684965557185,0.15390625,69,56,0.68
L13.H6,25,-0.0210693359375,0.72,0.08,-0.1778125,1,0.10637446403503419,0.012058248622342943,0.003254516124725342,0.3477993616622589,0.2421875,69,57,0.8
L22.H2,25,-0.0129443359375,0.88,0.0,-0.1175,1,0.08691411972045898,0.004743248294107616,0.0021173238754272463,0.274810606464469,0.20234375,69,57,0.76
L11.H1,25,-0.009510498046875,0.76,0.0,-0.0659375,1,0.04133737564086914,0.0037563120387494563,0.0012874913215637207,0.1871900263153538,0.153125,69,57,0.68
L14.H7,25,-0.002080078125,0.68,0.04,-0.025,1,0.01463994026184082,0.0020337394799571484,0.0006757307052612304,0.16490111385889225,0.1309375,69,59,0.56
