head,prompt_count,base_token_prob_delta_mean,base_token_prob_decrease_ratio,base_token_changed_ratio,base_token_logit_delta_mean,base_token_rank_post_mean,entropy_delta_mean,kl_divergence_mean,donor_token_prob_delta_mean,donor_token_prob_increase_rate_mean,donor_token_logit_delta_mean,donor_token_rank_pre_mean,donor_token_rank_post_mean,donor_token_rank_increased_ratio
L13.H2,100,-0.2608070373535156,0.96,0.3,-1.706484375,2,1.4502221804857254,0.4453797650337219,0.00787270486354828,122.65397976247705,2.63744140625,1071,240,0.97
L14.H12,100,-0.0638360595703125,0.84,0.04,-0.417578125,1,0.3975073358416557,0.04740662731579505,0.0033023399114608764,5.034312152727378,0.92564453125,1071,685,0.96
L22.H0,100,-0.037789306640625,0.87,0.01,-0.374609375,1,0.3056127333641052,0.022925749064888805,0.000727837085723877,2.310271397240164,0.71423828125,1071,709,0.95
