head,prompt_count,base_token_prob_delta_mean,base_token_prob_decrease_ratio,base_token_changed_ratio,base_token_logit_delta_mean,base_token_rank_post_mean,entropy_delta_mean,kl_divergence_mean
L15.H7,28,-0.12466648646763392,1.0,0.03571428571428571,-0.564453125,1,0.5729800718171256,0.06847448425001598
L12.H8,28,-0.07943943568638392,1.0,0.0,-0.5594308035714286,1,0.5368022407804217,0.03236229185547147
L11.H11,28,-0.07172720772879464,0.9642857142857143,0.03571428571428571,-0.5837053571428571,1,0.5137139303343636,0.05226536540846739
L23.H9,28,-0.07028416224888392,0.9642857142857143,0.0,-0.7366071428571429,1,0.4736930217061724,0.028895968105643988
L9.H15,28,-0.06303187779017858,1.0,0.0,-0.5147879464285714,1,0.45885562896728516,0.026542264768587693
L17.H6,28,-0.06068202427455357,1.0,0.03571428571428571,-0.27064732142857145,1,0.29365627254758564,0.024695109733979086
L19.H5,28,-0.04681396484375,1.0,0.0,-0.23967633928571427,1,0.23694077559879848,0.01081916015079644
