head,prompt_count,base_token_prob_delta_mean,base_token_prob_decrease_ratio,base_token_changed_ratio,base_token_logit_delta_mean,base_token_rank_post_mean,entropy_delta_mean,kl_divergence_mean,donor_token_prob_delta_mean,donor_token_prob_increase_rate_mean,donor_token_logit_delta_mean,donor_token_rank_pre_mean,donor_token_rank_post_mean,donor_token_rank_increased_ratio
L14.H2,79,-0.15887653978565072,0.8227848101265823,0.3670886075949367,-1.089003164556962,2,0.6155759473390217,0.38528813494817366,0.00638766002051438,94425.28810923529,2.7256199317642404,979,159,0.9493670886075949
L16.H6,79,-0.03769229937203323,0.7215189873417721,0.0379746835443038,-0.20292721518987342,1,0.21827287726764438,0.03628478478640318,0.0006786962098713163,756.975105227508,0.8852569966376582,979,493,0.8860759493670886
L15.H7,79,-0.08553265921677215,0.7721518987341772,0.17721518987341772,-0.5275909810126582,1,0.3619586765011655,0.139653791614537,0.0005816726744929447,8300.994933100168,0.3689150267009494,979,621,0.6962025316455697
L14.H7,79,-0.026360234127768986,0.6835443037974683,0.06329113924050633,-0.17701740506329114,1,0.15313370092005668,0.04720523400538707,0.0004395963270452958,755.9469249474378,0.5624660057357594,979,669,0.8481012658227848
L14.H6,79,-0.031193214126780063,0.6455696202531646,0.0759493670886076,-0.20579509493670886,1,0.10415251496471936,0.03704925938111529,0.0005980594248711309,756.5979385899162,0.5296151849287974,979,702,0.810126582278481
L17.H0,79,-0.02819360660601266,0.6329113924050633,0.05063291139240506,-0.17691851265822786,1,0.14363487460945226,0.02782552047556007,0.000510388537298275,3773.2925046107207,0.4206852007515823,979,720,0.7468354430379747
L17.H6,79,-0.03415032881724683,0.6962025316455697,0.0379746835443038,-0.21657436708860758,1,0.1675976809067062,0.04277249866848976,0.00012117020691497416,755.0726578725911,0.19582241396360758,979,798,0.6708860759493671
