head,prompt_count,base_token_prob_delta_mean,base_token_prob_decrease_ratio,base_token_changed_ratio,base_token_logit_delta_mean,base_token_rank_post_mean,entropy_delta_mean,kl_divergence_mean
L12.H8,27,-0.1010425708912037,0.8148148148148148,0.3333333333333333,-0.6814236111111112,1,0.43436049532007287,0.09595001154337768
L11.H14,27,-0.056315104166666664,0.8148148148148148,0.14814814814814814,-0.37962962962962965,1,0.2935735781987508,0.015761666025759444
L12.H12,27,-0.05189344618055555,1.0,0.07407407407407407,-0.3695023148148148,1,0.367721610599094,0.013250584300193522
L10.H9,27,-0.050107602719907406,0.9629629629629629,0.07407407407407407,-0.28153935185185186,1,0.2522423929638333,0.01302571324804039
L11.H1,27,-0.048398618344907406,0.9629629629629629,0.07407407407407407,-0.30844907407407407,1,0.24630011011053016,0.016226175724080315
