head,prompt_count,base_token_prob_delta_mean,base_token_prob_decrease_ratio,base_token_changed_ratio,base_token_logit_delta_mean,base_token_rank_post_mean,entropy_delta_mean,kl_divergence_mean,donor_token_prob_delta_mean,donor_token_prob_increase_rate_mean,donor_token_logit_delta_mean,donor_token_rank_pre_mean,donor_token_rank_post_mean,donor_token_rank_increased_ratio
L12.H0,30,-0.16628456115722656,0.8,0.5666666666666667,-1.0630208333333333,4,0.33342564006646475,0.5067894600331784,0.02364601492881775,8.12190179883651,1.241015625,33,14,0.8666666666666667
L13.H6,30,-0.1038482666015625,1.0,0.43333333333333335,-0.5643229166666667,2,0.2601561933755875,0.22770227786774436,0.029571932554244996,4.194706604377483,1.1815104166666666,33,20,0.9333333333333333
L7.H7,30,-0.03192545572916667,0.7,0.26666666666666666,-0.2046875,1,0.11965490480264028,0.07136134225875139,0.005136110385258992,0.9030034760304149,0.47799479166666664,33,24,0.8
