head,prompt_count,base_token_prob_delta_mean,base_token_prob_decrease_ratio,base_token_changed_ratio,base_token_logit_delta_mean,base_token_rank_post_mean,entropy_delta_mean,kl_divergence_mean,donor_token_prob_delta_mean,donor_token_prob_increase_rate_mean,donor_token_logit_delta_mean,donor_token_rank_pre_mean,donor_token_rank_post_mean,donor_token_rank_increased_ratio
L14.H5,43,-0.061908810637718026,1.0,0.32558139534883723,-0.7770712209302325,2,0.5542276903640392,0.13224735128325085,0.004167092400927877,7.389030530041065,1.452625363372093,406,127,1.0
L18.H4,43,-0.024351607921511628,0.9534883720930233,0.18604651162790697,-0.295421511627907,1,0.24336029762445494,0.03403310510221609,0.0011901897053385889,1.602307545386086,0.7261537063953488,406,200,0.9534883720930233
L12.H9,43,-0.018854185592296513,0.6744186046511628,0.18604651162790697,-0.22093023255813954,1,0.14780860723451125,0.0397087428935392,0.0004490877306738565,0.9279321050460498,0.4903252180232558,406,247,0.8837209302325582
L12.H8,43,-0.029100285019985465,0.813953488372093,0.11627906976744186,-0.31940406976744184,1,0.27495819468830907,0.04426703520314118,0.0007982891659403956,1.0868327611326694,0.4700672238372093,406,271,0.8837209302325582
L13.H13,43,-0.013803171557049418,0.7209302325581395,0.18604651162790697,-0.1673328488372093,1,0.10649894559106161,0.02052287460672994,0.0003981160563091899,0.6903638837732446,0.40338844476744184,406,292,0.8837209302325582
L11.H11,43,-0.013712328533793604,0.5813953488372093,0.13953488372093023,-0.11010174418604651,1,0.09812799165415209,0.021645647701049268,0.0003003921619681425,0.4943938913864514,0.30019077034883723,406,309,0.8604651162790697
L16.H6,43,-0.008398011673328489,0.813953488372093,0.09302325581395349,-0.10374273255813954,1,0.07566242994264115,0.006973453272177383,0.00027471919392430504,0.3791337647917504,0.26353561046511625,406,309,0.9534883720930233
L11.H1,43,-0.014516431231831396,0.8837209302325582,0.13953488372093023,-0.13935319767441862,1,0.11234572321869606,0.013343591876544578,0.0003841061924779138,0.46197892224214837,0.30309774709302323,406,310,0.9069767441860465
L15.H14,43,-0.013212691905886628,0.8604651162790697,0.06976744186046512,-0.15025436046511628,1,0.1336407883222713,0.01102232533442073,0.000519157842148182,0.4706631319892839,0.2859284156976744,406,322,0.8604651162790697
