head,prompt_count,base_token_prob_delta_mean,base_token_prob_decrease_ratio,base_token_changed_ratio,base_token_logit_delta_mean,base_token_rank_post_mean,entropy_delta_mean,kl_divergence_mean
L11.H11,13,-0.0893695537860577,1.0,0.07692307692307693,-0.9669471153846154,1,0.45154091945061314,0.07556666584255603
L11.H1,13,-0.0792236328125,0.9230769230769231,0.07692307692307693,-0.5757211538461539,1,0.3770610781816336,0.04033754773151416
L14.H5,13,-0.05517108623798077,0.8461538461538461,0.07692307692307693,-0.24639423076923078,1,0.17485188062374407,0.03652229013208013
