head,prompt_count,base_token_prob_delta_mean,base_token_prob_decrease_ratio,base_token_changed_ratio,base_token_logit_delta_mean,base_token_rank_post_mean,entropy_delta_mean,kl_divergence_mean
L14.H5,40,-0.03638916015625,0.675,0.2,-0.4306640625,2,0.14830318577587603,0.11064372500404715
L11.H1,40,-0.03115501403808594,0.725,0.125,-0.4052734375,1,0.21139519587159156,0.042981393588706854
L9.H7,40,-0.02474517822265625,0.725,0.1,-0.2265625,1,0.1533666927367449,0.03281181521015242
