head,prompt_count,base_token_prob_delta_mean,base_token_prob_decrease_ratio,base_token_changed_ratio,base_token_logit_delta_mean,base_token_rank_post_mean,entropy_delta_mean,kl_divergence_mean
L15.H6,41,-0.15256183903391768,1.0,0.07317073170731707,-0.7351371951219512,1,0.7925050411282516,0.11971151224541955
L11.H11,41,-0.1366482246212843,0.9512195121951219,0.12195121951219512,-0.7006478658536586,2,0.7204830886387243,0.11529985261036128
L14.H5,41,-0.12097875083365091,0.9512195121951219,0.0975609756097561,-0.5766006097560976,1,0.6165780323307689,0.09343645864779629
