head,prompt_count,base_token_prob_delta_mean,base_token_prob_decrease_ratio,base_token_changed_ratio,base_token_logit_delta_mean,base_token_rank_post_mean,entropy_delta_mean,kl_divergence_mean,donor_token_prob_delta_mean,donor_token_prob_increase_rate_mean,donor_token_logit_delta_mean,donor_token_rank_pre_mean,donor_token_rank_post_mean,donor_token_rank_increased_ratio
L14.H5,26,-0.11820631760817307,0.9615384615384616,0.15384615384615385,-0.7457932692307693,1,0.677017303613516,0.17415448937278527,0.0037595446293170634,10.804212059867941,1.5466496394230769,697,213,0.9615384615384616
L15.H13,26,-0.1208636944110577,0.9230769230769231,0.15384615384615385,-0.7920673076923077,1,0.665073023392604,0.2344428373214144,0.005905442512952364,10.750899059506066,1.6748046875,697,282,0.9615384615384616
L13.H13,26,-0.07679161658653846,0.8461538461538461,0.15384615384615385,-0.5012019230769231,1,0.4498558044433594,0.08127808108782539,0.002092265165769137,2.454643771461288,0.7562349759615384,697,424,0.9230769230769231
L18.H4,26,-0.028735821063701924,0.8076923076923077,0.07692307692307693,-0.16917067307692307,1,0.15730404395323533,0.019620659617850415,0.0008187958827385536,0.7520288531445244,0.4221003605769231,697,495,0.8846153846153846
L14.H7,26,-0.030195969801682692,0.6538461538461539,0.07692307692307693,-0.17277644230769232,1,0.1568390543644245,0.03095041041692289,0.0008075145574716422,1.4466085534904742,0.5120192307692307,697,517,0.8846153846153846
L11.H1,26,-0.03617506760817308,0.6923076923076923,0.07692307692307693,-0.20192307692307693,1,0.19137751597624558,0.02802005883019704,0.0006997952094444862,0.8243083531903531,0.3683894230769231,697,546,0.7307692307692307
L16.H6,26,-0.0014390211838942308,0.6153846153846154,0.0,-0.009014423076923076,1,0.031031480202308066,0.008021010435186327,7.108083138099083e-05,0.3999193985572584,0.27892127403846156,697,559,0.7692307692307693
