head,prompt_count,base_token_prob_delta_mean,base_token_prob_decrease_ratio,base_token_changed_ratio,base_token_logit_delta_mean,base_token_rank_post_mean,entropy_delta_mean,kl_divergence_mean,donor_token_prob_delta_mean,donor_token_prob_increase_rate_mean,donor_token_logit_delta_mean,donor_token_rank_pre_mean,donor_token_rank_post_mean,donor_token_rank_increased_ratio
L15.H7,11,-0.18500588156960227,1.0,0.18181818181818182,-0.9517045454545454,1,0.7812819480895996,0.25891385159709235,0.05265863375230269,36.62102170139292,2.36328125,95,13,1.0
L13.H1,11,-0.026267311789772728,0.8181818181818182,0.09090909090909091,-0.14417613636363635,1,0.1366572596810081,0.016711630816148085,0.0027697411450472746,1.194567279868737,0.6360085227272727,95,55,1.0
L17.H6,11,-0.02594549005681818,1.0,0.0,-0.14275568181818182,1,0.1604126583446156,0.015470941000702705,0.001263217492537065,1.219450322147638,0.44176136363636365,95,60,1.0
L15.H3,11,-0.04182017933238636,0.7272727272727273,0.09090909090909091,-0.23792613636363635,1,0.20201444625854492,0.03256581393493847,0.00247137113050981,0.8788068988476432,0.5131392045454546,95,62,0.9090909090909091
L15.H9,11,-0.026511452414772728,0.9090909090909091,0.0,-0.13991477272727273,1,0.13662075996398926,0.014553794266910038,0.002174908464605158,0.7509558125839633,0.41654829545454547,95,63,0.9090909090909091
L16.H2,11,-0.06671142578125,0.9090909090909091,0.09090909090909091,-0.3132102272727273,1,0.32131266593933105,0.024758739862591028,0.00369417667388916,0.9471347489829509,0.4982244318181818,95,69,1.0
L14.H7,11,-0.015785910866477272,0.9090909090909091,0.09090909090909091,-0.09090909090909091,1,0.0856036056171764,0.007833526258102873,0.0012623071670532227,0.43456893568636784,0.32066761363636365,95,71,0.9090909090909091
L22.H2,11,-0.03337513316761364,1.0,0.09090909090909091,-0.17897727272727273,1,0.1669336665760387,0.005952166393399239,0.001107833602211692,0.39804477354550555,0.24644886363636365,95,77,1.0
L13.H6,11,-0.013682972301136364,0.7272727272727273,0.0,-0.03480113636363636,1,0.0596946586262096,0.010417643341828476,0.0005524808710271662,0.20369375316588786,0.17613636363636365,95,80,0.6363636363636364
