head,prompt_count,base_token_prob_delta_mean,base_token_prob_decrease_ratio,base_token_changed_ratio,base_token_logit_delta_mean,base_token_rank_post_mean,entropy_delta_mean,kl_divergence_mean,donor_token_prob_delta_mean,donor_token_prob_increase_rate_mean,donor_token_logit_delta_mean,donor_token_rank_pre_mean,donor_token_rank_post_mean,donor_token_rank_increased_ratio
L18.H8,49,-0.046095244738520405,0.7959183673469388,0.02040816326530612,-0.28746811224489793,1,0.32146462372371126,0.02783108433727555,0.0011188996081449548,5.506603730358581,0.8262117346938775,467,221,0.9183673469387755
L13.H15,49,-0.05157097018494898,0.9183673469387755,0.10204081632653061,-0.31345663265306123,1,0.35271558712939827,0.026714018641077742,0.0011749401384470413,2.018521170579047,0.6680484693877551,467,279,0.8979591836734694
L11.H6,49,-0.02194774394132653,0.7959183673469388,0.02040816326530612,-0.03714923469387755,1,0.1406724452972412,0.02273525983779406,0.0014532938295481156,1.3373755408414272,0.8059630102040817,467,291,1.0
L18.H4,49,-0.022144551179846938,0.8163265306122449,0.0,-0.15497448979591838,1,0.16807543258277738,0.00896458233212482,0.00043691664325947664,0.7368219327384012,0.3930165816326531,467,301,0.8571428571428571
L16.H15,49,-0.011965381855867346,0.7551020408163265,0.02040816326530612,-0.0699936224489796,1,0.08341054283842748,0.006165528138511463,0.0002688607391046018,1.0085897621248234,0.3525988520408163,467,314,0.7346938775510204
L16.H5,49,-0.04185267857142857,0.7346938775510204,0.04081632653061224,-0.23278061224489796,1,0.23644119622756024,0.030050783248841573,0.0007173589297703334,6.79436616482564,0.5659279336734694,467,322,0.6122448979591837
L12.H15,49,-0.055250518176020405,0.9795918367346939,0.061224489795918366,-0.31935586734693877,1,0.36960811274392263,0.021576424414406017,0.001120036962080975,0.9815690532770303,0.4823022959183674,467,329,0.9591836734693877
L16.H0,49,-0.02189791932397959,0.7551020408163265,0.04081632653061224,-0.1256377551020408,1,0.1414742104861201,0.01231498309952796,0.0002009041455327248,0.6835744509129308,0.28946109693877553,467,336,0.8163265306122449
L22.H2,49,-0.059400908801020405,0.9795918367346939,0.04081632653061224,-0.33003826530612246,1,0.38184193445711717,0.019396278628252675,0.0011318617937516194,0.9218405476299891,0.4445950255102041,467,353,0.9795918367346939
