head,prompt_count,base_token_prob_delta_mean,base_token_prob_decrease_ratio,base_token_changed_ratio,base_token_logit_delta_mean,base_token_rank_post_mean,entropy_delta_mean,kl_divergence_mean,donor_token_prob_delta_mean,donor_token_prob_increase_rate_mean,donor_token_logit_delta_mean,donor_token_rank_pre_mean,donor_token_rank_post_mean,donor_token_rank_increased_ratio
L15.H7,50,-0.1438629150390625,0.94,0.16,-0.84140625,1,0.7809587800502777,0.19144169569015504,0.03664278984069824,34.90030672865523,2.4303125,78,11,1.0
L17.H6,50,-0.0950244140625,0.84,0.06,-0.45265625,1,0.5181141531467438,0.07796020711539313,0.013673996925354004,6.929757650496206,1.485546875,78,34,0.96
L17.H0,50,-0.0184423828125,0.86,0.04,-0.1075,1,0.12202350974082947,0.00707329130731523,0.002122219800949097,0.8370156450207125,0.49390625,78,56,0.96
L16.H6,50,-0.0177783203125,0.64,0.02,-0.1096875,1,0.1291947066783905,0.010914431839482859,0.0012633275985717773,0.5666214723138566,0.34046875,78,59,0.92
L22.H2,50,-0.023828125,0.78,0.04,-0.1684375,1,0.1910563027858734,0.010504127102904022,0.0018701159954071045,0.6200655000857087,0.353203125,78,60,0.98
L15.H3,50,-0.01998291015625,0.64,0.04,-0.10890625,1,0.09285646319389343,0.014323810336645693,0.0013311409950256348,0.7428007883193232,0.3678125,78,61,0.72
L11.H3,50,-0.014638671875,0.62,0.02,-0.13234375,1,0.11040912270545959,0.010675032197032124,0.0011264300346374512,0.49268023928848864,0.267265625,78,62,0.86
