head,prompt_count,base_token_prob_delta_mean,base_token_prob_decrease_ratio,base_token_changed_ratio,base_token_logit_delta_mean,base_token_rank_post_mean,entropy_delta_mean,kl_divergence_mean,donor_token_prob_delta_mean,donor_token_prob_increase_rate_mean,donor_token_logit_delta_mean,donor_token_rank_pre_mean,donor_token_rank_post_mean,donor_token_rank_increased_ratio
L16.H15,40,-0.045484161376953124,0.825,0.4,-0.3658203125,2,0.17390785813331605,0.14969946341589094,0.034748247265815733,8.151858687004031,1.8212890625,87,19,0.975
L14.H7,40,-0.01739349365234375,0.725,0.225,-0.10390625,1,0.05898724794387818,0.04545652871020138,0.011554323136806488,2.314481111855108,1.0341796875,87,24,0.975
L14.H5,40,-0.04668731689453125,0.825,0.35,-0.378125,2,0.2033488929271698,0.16222954201512038,0.027251632511615755,6.779709454775064,1.622265625,87,29,0.975
L17.H6,40,-0.01192626953125,0.725,0.15,-0.0923828125,1,0.06287067532539367,0.02215185659879353,0.004389092326164246,0.5808667732699945,0.333203125,87,47,0.8
L15.H7,40,-0.00449676513671875,0.525,0.15,-0.0283203125,1,0.018787628412246703,0.009564406948629766,0.003162887692451477,0.4924310740002463,0.31103515625,87,48,0.85
L16.H2,40,0.00035400390625,0.575,0.125,0.0318359375,1,-0.024059218168258668,0.027350381319411098,0.003971526026725769,0.797753229483452,0.560546875,87,52,0.825
L21.H10,40,-0.014959716796875,0.875,0.025,-0.1423828125,1,0.11313711404800415,0.005460617945936974,0.003120109438896179,0.5796335704603683,0.36728515625,87,56,0.925
L16.H6,40,-0.00275421142578125,0.675,0.025,-0.0041015625,1,0.002626568078994751,0.004887109078117647,0.0029400378465652467,0.3970467488563323,0.334765625,87,62,0.95
L20.H10,40,-0.005523681640625,0.85,0.05,-0.04609375,1,0.0344545304775238,0.0013243109686300158,0.0014319300651550293,0.1856845818777245,0.132421875,87,62,0.825
