head,prompt_count,base_token_prob_delta_mean,base_token_prob_decrease_ratio,base_token_changed_ratio,base_token_logit_delta_mean,base_token_rank_post_mean,entropy_delta_mean,kl_divergence_mean
L9.H11,23,-0.19668910814368207,1.0,0.9130434782608695,-1.710258152173913,3,1.0591546348903491,0.3578147269461466
L8.H7,23,-0.06141198199728261,1.0,0.43478260869565216,-0.5210597826086957,1,0.20339378066684888,0.03077486659521642
L9.H2,23,-0.057769775390625,0.8260869565217391,0.13043478260869565,-0.13383152173913043,1,0.35454175783240277,0.20480038776345874
