head,prompt_count,base_token_prob_delta_mean,base_token_prob_decrease_ratio,base_token_changed_ratio,base_token_logit_delta_mean,base_token_rank_post_mean,entropy_delta_mean,kl_divergence_mean,donor_token_prob_delta_mean,donor_token_prob_increase_rate_mean,donor_token_logit_delta_mean,donor_token_rank_pre_mean,donor_token_rank_post_mean,donor_token_rank_increased_ratio
L14.H5,45,-0.05526699490017361,0.9333333333333333,0.15555555555555556,-0.5256944444444445,1,0.353996917936537,0.09590263575988098,0.004297943909962972,3.5235832592303677,0.9347222222222222,342,196,0.9111111111111111
L11.H1,45,-0.02382541232638889,0.7333333333333333,0.08888888888888889,-0.23836805555555557,1,0.19835128254360623,0.03902750919676489,0.0012495623694525825,1.2311461599656255,0.59375,342,228,0.8666666666666667
L13.H0,45,-0.021182590060763888,0.8888888888888888,0.06666666666666667,-0.18784722222222222,1,0.12426882319980198,0.015507897439723214,0.0011036237080891927,0.8986441153511543,0.3229166666666667,342,263,0.7555555555555555
L12.H15,45,-0.01869845920138889,0.6888888888888889,0.044444444444444446,-0.18020833333333333,1,0.15738122198316787,0.029393027536571026,0.0006716450055440267,0.5529427560787495,0.32526041666666666,342,264,0.8888888888888888
L16.H6,45,-0.01318359375,0.8444444444444444,0.0,-0.1251736111111111,1,0.10719255871242947,0.00958752537974053,0.0004895183775160048,0.5124386515983371,0.29288194444444443,342,269,0.8222222222222222
L11.H6,45,-0.0033548990885416668,0.5333333333333333,0.0,-0.03958333333333333,1,0.036435233222113714,0.018863508984860448,0.0006116178300645616,0.3765905302557304,0.2557291666666667,342,272,0.7777777777777778
L13.H15,45,-0.01883884006076389,0.7555555555555555,0.0,-0.14618055555555556,1,0.14590949482387966,0.015424861065629457,0.000358071592119005,0.49887542744921426,0.30911458333333336,342,276,0.8222222222222222
L13.H2,45,-0.01880832248263889,0.7777777777777778,0.08888888888888889,-0.18975694444444444,1,0.13258059289720323,0.033140645703921716,0.000615790155198839,0.4272987763794539,0.24097222222222223,342,280,0.7555555555555555
L12.H8,45,-0.026847330729166667,0.9333333333333333,0.08888888888888889,-0.24947916666666667,1,0.21537622345818414,0.01989705700220333,0.00034656922022501625,0.46798776933176006,0.2581597222222222,342,287,0.9111111111111111
