head,prompt_count,base_token_prob_delta_mean,base_token_prob_decrease_ratio,base_token_changed_ratio,base_token_logit_delta_mean,base_token_rank_post_mean,entropy_delta_mean,kl_divergence_mean,donor_token_prob_delta_mean,donor_token_prob_increase_rate_mean,donor_token_logit_delta_mean,donor_token_rank_pre_mean,donor_token_rank_post_mean,donor_token_rank_increased_ratio
L14.H7,50,-0.0432733154296875,0.6,0.26,-0.3371875,2,0.14468576908111572,0.147124744951725,0.014137196540832519,5.2699994771637515,1.361875,168,46,0.92
L15.H7,50,-0.06015045166015625,0.76,0.28,-0.40265625,2,0.17170871734619142,0.13756027549505234,0.017000540494918823,3.6946430694698416,1.006484375,168,67,0.88
L16.H15,50,-0.0008233642578125,0.56,0.1,-0.03546875,1,0.02129345178604126,0.069801025101915,0.005706511735916138,1.5362208869401706,0.66296875,168,78,0.88
