head,prompt_count,base_token_prob_delta_mean,base_token_prob_decrease_ratio,base_token_changed_ratio,base_token_logit_delta_mean,base_token_rank_post_mean,entropy_delta_mean,kl_divergence_mean,donor_token_prob_delta_mean,donor_token_prob_increase_rate_mean,donor_token_logit_delta_mean,donor_token_rank_pre_mean,donor_token_rank_post_mean,donor_token_rank_increased_ratio
L13.H13,50,-0.027899322509765626,0.84,0.38,-0.4675,2,0.1690414524078369,0.06549842294305563,0.007853189706802368,1.9522966368344283,0.86546875,132,54,0.94
L18.H2,50,-0.01151580810546875,0.82,0.16,-0.179375,1,0.1010122013092041,0.016138916099444033,0.001911102533340454,0.6754345153728883,0.410546875,132,71,0.94
L18.H4,50,-0.00974761962890625,0.82,0.16,-0.13765625,1,0.06746246337890625,0.013935967865400016,0.0008248984813690186,0.4386420574211478,0.29328125,132,82,0.78
