head,prompt_count,base_token_prob_delta_mean,base_token_prob_decrease_ratio,base_token_changed_ratio,base_token_logit_delta_mean,base_token_rank_post_mean,entropy_delta_mean,kl_divergence_mean
L12.H8,32,-0.10236930847167969,0.9375,0.25,-1.008056640625,1,0.4727840283885598,0.12018059357069433
L11.H11,32,-0.06363677978515625,0.90625,0.15625,-0.564697265625,1,0.2551389439031482,0.03956788458162919
L23.H9,32,-0.053981781005859375,0.8125,0.09375,-0.560302734375,1,0.22176194097846746,0.02642395076691173
L9.H2,32,-0.04653167724609375,1.0,0.09375,-0.345947265625,1,0.1858944958075881,0.018730040959781036
L11.H1,32,-0.03810882568359375,0.8125,0.03125,-0.42626953125,1,0.21981661301106215,0.030169905330694746
L15.H13,32,-0.0377349853515625,0.6875,0.03125,-0.551513671875,1,0.33125648368149996,0.11310683787451126
L15.H10,32,-0.03485107421875,0.90625,0.03125,-0.236328125,1,0.11683167982846498,0.010319547342078295
