head,prompt_count,base_token_prob_delta_mean,base_token_prob_decrease_ratio,base_token_changed_ratio,base_token_logit_delta_mean,base_token_rank_post_mean,entropy_delta_mean,kl_divergence_mean
L13.H2,17,-0.057439018698299635,0.9411764705882353,0.47058823529411764,-0.9163602941176471,2,0.4394692813648897,0.09148753398810239
L16.H1,17,-0.05631211224724265,1.0,0.4117647058823529,-0.6590073529411765,2,0.3429100653704475,0.06830176383749965
L9.H8,17,-0.03940716911764706,0.9411764705882353,0.11764705882352941,-0.46369485294117646,1,0.3066862330717199,0.03228864602415877
L8.H15,17,-0.03883900361902574,1.0,0.23529411764705882,-0.3860294117647059,1,0.2578147299149457,0.034506553948363834
L23.H9,17,-0.02824850643382353,1.0,0.23529411764705882,-0.5496323529411765,1,0.29665432256810803,0.0173598133465823
