head,prompt_count,base_token_prob_delta_mean,base_token_prob_decrease_ratio,base_token_changed_ratio,base_token_logit_delta_mean,base_token_rank_post_mean,entropy_delta_mean,kl_divergence_mean
L18.H8,44,-0.07753268155184659,0.9545454545454546,0.3181818181818182,-0.7350852272727273,2,0.5277016867290844,0.07017528962089935
L11.H11,44,-0.06115029074928977,0.9545454545454546,0.4318181818181818,-0.6361860795454546,2,0.3590898026119579,0.07254261303354394
L13.H2,44,-0.05701932040127841,0.9318181818181818,0.4772727272727273,-0.5811434659090909,2,0.27659600431268866,0.0715801459737122
L9.H15,44,-0.03480044278231534,0.9772727272727273,0.25,-0.3721590909090909,1,0.21561476317319003,0.03333406226540154
L23.H9,44,-0.03171192515980114,0.9545454545454546,0.13636363636363635,-0.5078125,1,0.31066904826597735,0.01601586826357313
L9.H11,44,-0.029366233132102272,0.9772727272727273,0.11363636363636363,-0.2755681818181818,1,0.2229444222016768,0.02006515140899203
L14.H5,44,-0.028715653852982956,0.9090909090909091,0.13636363636363635,-0.35795454545454547,1,0.31426949392665515,0.037091321650553837
L12.H8,44,-0.024176857688210228,1.0,0.045454545454545456,-0.2567471590909091,1,0.217655517838218,0.011351062609306113
L5.H9,44,-0.019469521262428978,0.8636363636363636,0.36363636363636365,-0.25816761363636365,2,0.02055159482088956,0.061533332633023914
