head,prompt_count,base_token_prob_delta_mean,base_token_prob_decrease_ratio,base_token_changed_ratio,base_token_logit_delta_mean,base_token_rank_post_mean,entropy_delta_mean,kl_divergence_mean,donor_token_prob_delta_mean,donor_token_prob_increase_rate_mean,donor_token_logit_delta_mean,donor_token_rank_pre_mean,donor_token_rank_post_mean,donor_token_rank_increased_ratio
L15.H7,105,-0.14799543108258928,0.7523809523809524,0.19047619047619047,-0.7840029761904762,1,0.4816217053504217,0.2788719373799506,0.06560157310395014,2052.965415537508,4.968736049107143,623,12,0.9714285714285714
L17.H6,105,-0.07496570405505952,0.819047619047619,0.047619047619047616,-0.4348958333333333,1,0.2994873092288063,0.09824226437402624,0.023371545473734538,146.68198796580745,3.4143833705357145,623,58,0.9809523809523809
L17.H0,105,-0.017631603422619047,0.8,0.01904761904761905,-0.12805059523809523,1,0.07372312659309024,0.009908895375251416,0.004857659339904785,2.6879528367289236,0.9432849702380952,623,354,0.9428571428571428
