head,prompt_count,base_token_prob_delta_mean,base_token_prob_decrease_ratio,base_token_changed_ratio,base_token_logit_delta_mean,base_token_rank_post_mean,entropy_delta_mean,kl_divergence_mean,donor_token_prob_delta_mean,donor_token_prob_increase_rate_mean,donor_token_logit_delta_mean,donor_token_rank_pre_mean,donor_token_rank_post_mean,donor_token_rank_increased_ratio
L15.H7,16,-0.2361736297607422,1.0,0.375,-1.4453125,2,1.2003942430019379,0.38175684958696365,0.019408270716667175,82.41716080689659,3.3875732421875,507,21,1.0
L17.H6,16,-0.048736572265625,1.0,0.0625,-0.29443359375,1,0.31734107434749603,0.03630031435750425,0.00101412832736969,2.765169872055604,0.9798583984375,507,204,1.0
L14.H7,16,-0.01157379150390625,0.75,0.0,-0.06884765625,1,0.08982974290847778,0.011769501434173435,0.0006368905305862427,0.8966181417361195,0.5430908203125,507,317,0.9375
