head,prompt_count,base_token_prob_delta_mean,base_token_prob_decrease_ratio,base_token_changed_ratio,base_token_logit_delta_mean,base_token_rank_post_mean,entropy_delta_mean,kl_divergence_mean,donor_token_prob_delta_mean,donor_token_prob_increase_rate_mean,donor_token_logit_delta_mean,donor_token_rank_pre_mean,donor_token_rank_post_mean,donor_token_rank_increased_ratio
L11.H6,23,-0.023578146229619564,0.6521739130434783,0.21739130434782608,-0.12228260869565218,1,0.08586922935817552,0.06717037490528563,0.0024897948555324388,3.408649202942589,1.3617527173913044,509,196,1.0
L18.H4,23,-0.022346828294836956,0.782608695652174,0.08695652173913043,-0.19802989130434784,1,0.20694565773010254,0.014223915686749893,0.0008967829787212869,2.561947214621963,0.97265625,509,225,0.9130434782608695
L13.H15,23,-0.033372961956521736,0.8260869565217391,0.17391304347826086,-0.22486413043478262,1,0.2915856216264808,0.031703250766124416,0.0018291836199553115,4.564173472662678,1.109375,509,272,1.0
L14.H5,23,-0.021550717561141304,0.782608695652174,0.08695652173913043,-0.1328125,1,0.1753406524658203,0.019756027801043314,0.0006106703177742336,2.0248924946879208,0.8211616847826086,509,280,0.9130434782608695
L16.H4,23,-0.014011548913043478,0.6521739130434783,0.13043478260869565,-0.08186141304347826,1,0.09883784211200217,0.01373556695635552,0.0003356207971987517,1.757763672296243,0.5932404891304348,509,300,0.8260869565217391
L16.H0,23,-0.012727156929347826,0.4782608695652174,0.08695652173913043,-0.09578804347826086,1,0.12278759997823964,0.04410240647342542,0.0051205235978831415,5.215835831457483,1.14453125,509,333,0.9565217391304348
L11.H1,23,-0.013191554857336956,0.6086956521739131,0.13043478260869565,-0.034986413043478264,1,0.037034978037295135,0.019573960594994867,0.0005844883296800697,0.8899585338446573,0.6170176630434783,509,341,1.0
