head,prompt_count,base_token_prob_delta_mean,base_token_prob_decrease_ratio,base_token_changed_ratio,base_token_logit_delta_mean,base_token_rank_post_mean,entropy_delta_mean,kl_divergence_mean
L23.H9,19,-0.06280196340460527,1.0,0.05263157894736842,-0.850328947368421,1,0.23861689865589142,0.032618616974152824
L17.H2,19,-0.049881784539473686,0.8421052631578947,0.05263157894736842,-0.4634046052631579,1,0.2078747145439449,0.026957327034324408
L16.H6,19,-0.034745065789473686,0.6842105263157895,0.0,-0.16529605263157895,1,0.1234255891881491,0.017082788053238273
