head,prompt_count,base_token_prob_delta_mean,base_token_prob_decrease_ratio,base_token_changed_ratio,base_token_logit_delta_mean,base_token_rank_post_mean,entropy_delta_mean,kl_divergence_mean,donor_token_prob_delta_mean,donor_token_prob_increase_rate_mean,donor_token_logit_delta_mean,donor_token_rank_pre_mean,donor_token_rank_post_mean,donor_token_rank_increased_ratio
L15.H7,28,-0.15923963274274552,1.0,0.07142857142857142,-0.7667410714285714,1,0.6507190721375602,0.15001400473660656,0.03721774901662554,12.106065943778521,2.018833705357143,46,8,0.9642857142857143
L17.H6,28,-0.05822971888950893,1.0,0.07142857142857142,-0.3013392857142857,1,0.28267851897648405,0.03347655384069575,0.009247690439224243,1.860227904355608,0.8927176339285714,46,23,0.9642857142857143
L19.H5,28,-0.045013427734375,1.0,0.0,-0.21735491071428573,1,0.22425714560917445,0.011134523195713493,0.003805556467601231,0.7803314425710097,0.43680245535714285,46,30,0.9285714285714286
