head,prompt_count,base_token_prob_delta_mean,base_token_prob_decrease_ratio,base_token_changed_ratio,base_token_logit_delta_mean,base_token_rank_post_mean,entropy_delta_mean,kl_divergence_mean,donor_token_prob_delta_mean,donor_token_prob_increase_rate_mean,donor_token_logit_delta_mean,donor_token_rank_pre_mean,donor_token_rank_post_mean,donor_token_rank_increased_ratio
L13.H2,27,-0.04569046585648148,0.6296296296296297,0.037037037037037035,-0.3871527777777778,1,0.32312627633412677,0.07237953951375352,0.004368684909961841,10.07806457751045,1.5409478081597223,2366,554,0.8518518518518519
L12.H0,27,-0.2659573025173611,0.8518518518518519,0.6666666666666666,-1.5075231481481481,3,0.6124195434429027,0.5153360308872329,0.05785689530549226,32.659344746816856,2.2893744574652777,2366,891,1.0
L14.H2,27,-0.015530056423611112,0.6666666666666666,0.0,-0.10300925925925926,1,0.10869046935328731,0.009763008469168132,0.00023441182242499458,0.9870495413762791,0.42048701533564814,2366,1452,0.5555555555555556
L11.H12,27,-0.008314344618055556,0.5555555555555556,0.0,-0.061921296296296294,1,0.07197704138579192,0.006729027477882078,-0.0005491861590632686,0.687811409673833,0.3898338035300926,2366,1616,0.7407407407407407
L23.H11,27,-0.022117332175925927,0.7407407407407407,0.0,-0.2048611111111111,1,0.10832689868079291,0.013266394545401758,0.00203609687310678,0.5660761361567432,0.22922544126157407,2366,1721,0.7407407407407407
