head,prompt_count,base_token_prob_delta_mean,base_token_prob_decrease_ratio,base_token_changed_ratio,base_token_logit_delta_mean,base_token_rank_post_mean,entropy_delta_mean,kl_divergence_mean,donor_token_prob_delta_mean,donor_token_prob_increase_rate_mean,donor_token_logit_delta_mean,donor_token_rank_pre_mean,donor_token_rank_post_mean,donor_token_rank_increased_ratio
L15.H7,99,-0.06516181098090278,0.7474747474747475,0.09090909090909091,-0.4812973484848485,1,0.3167372482142063,0.09983803082352759,0.004918917260988794,3046.537343566625,2.019491792929293,420,127,0.9797979797979798
L13.H6,99,-0.045215028705018936,0.8282828282828283,0.12121212121212122,-0.4494949494949495,1,0.24093776158612185,0.0601198138255212,0.0043044620090060765,606.6290251801126,1.1547111742424243,420,204,0.9393939393939394
L15.H3,99,-0.016190345841224748,0.5656565656565656,0.06060606060606061,-0.12136994949494949,1,0.06639086108918142,0.027293958635930197,0.0009091189413359671,3614.870418693558,0.6383562184343434,420,267,0.7272727272727273
L15.H6,99,-0.01954912898516414,0.6262626262626263,0.0707070707070707,-0.11103219696969698,1,0.07154086905747953,0.02604171025479739,0.000494337443149451,0.8834625137864647,0.4642518939393939,420,290,0.8080808080808081
L11.H5,99,-0.022634178701073232,0.6666666666666666,0.020202020202020204,-0.13652146464646464,1,0.11679853841361373,0.030118398572379402,0.0008591076340338196,1.689505236126631,0.5923295454545454,420,303,0.8282828282828283
L14.H5,99,-0.00670153685290404,0.5454545454545454,0.04040404040404041,-0.042219065656565656,1,0.017162922882672512,0.022524244598268222,0.0004553608220032971,0.9191103910421403,0.3803661616161616,420,305,0.7777777777777778
L17.H5,99,-0.018435699771148988,0.5757575757575758,0.030303030303030304,-0.1560921717171717,1,0.09882128035480325,0.021211566802730425,0.0007036322295063674,2.1059487478463383,0.6089705650252525,420,312,0.7777777777777778
