head,prompt_count,base_token_prob_delta_mean,base_token_prob_decrease_ratio,base_token_changed_ratio,base_token_logit_delta_mean,base_token_rank_post_mean,entropy_delta_mean,kl_divergence_mean,donor_token_prob_delta_mean,donor_token_prob_increase_rate_mean,donor_token_logit_delta_mean,donor_token_rank_pre_mean,donor_token_rank_post_mean,donor_token_rank_increased_ratio
L14.H5,70,-0.017195565359933034,0.7285714285714285,0.15714285714285714,-0.1864955357142857,1,0.16948484012058804,0.05475226767760302,0.003286381278719221,3.492799170072998,1.0688406808035715,1388,792,0.9571428571428572
L16.H15,70,-0.020878383091517856,0.6857142857142857,0.11428571428571428,-0.2125,1,0.17404109409877233,0.04203495541545895,0.002890866994857788,6.960088201775652,1.020518275669643,1388,818,0.9142857142857143
L16.H6,70,-0.003498622349330357,0.5857142857142857,0.05714285714285714,-0.054464285714285715,1,0.0640544925417219,0.017545329466728227,0.001023029429571969,1.2654127312649126,0.6963099888392857,1388,893,0.9571428571428572
