head,prompt_count,base_token_prob_delta_mean,base_token_prob_decrease_ratio,base_token_changed_ratio,base_token_logit_delta_mean,base_token_rank_post_mean,entropy_delta_mean,kl_divergence_mean
L9.H2,40,-0.14186325073242187,0.975,0.175,-0.7419921875,1,0.9359813928604126,0.16050750780850648
L11.H3,40,-0.09142913818359374,0.95,0.15,-0.4349609375,1,0.4821381583809853,0.06164243980310857
L19.H13,40,-0.0578521728515625,0.75,0.15,-0.3919921875,1,0.25730628073215484,0.06882580233504995
L13.H11,40,-0.05729331970214844,0.75,0.175,-0.00625,2,0.20063127726316451,0.12423479263670742
L13.H12,40,-0.048309326171875,0.825,0.05,-0.35,1,0.3138395294547081,0.03666476933285594
L22.H2,40,-0.0447113037109375,0.875,0.05,-0.4529296875,1,0.25276733189821243,0.02718734088994097
L11.H1,40,-0.0410614013671875,0.8,0.075,-0.25859375,1,0.2673717960715294,0.037598858773708346
L11.H11,40,-0.0353485107421875,0.775,0.05,-0.1287109375,1,0.19737950935959817,0.020547966926824302
L8.H8,40,-0.02667388916015625,0.85,0.075,-0.116796875,1,0.16851633042097092,0.010498498746892437
