head,prompt_count,base_token_prob_delta_mean,base_token_prob_decrease_ratio,base_token_changed_ratio,base_token_logit_delta_mean,base_token_rank_post_mean,entropy_delta_mean,kl_divergence_mean,donor_token_prob_delta_mean,donor_token_prob_increase_rate_mean,donor_token_logit_delta_mean,donor_token_rank_pre_mean,donor_token_rank_post_mean,donor_token_rank_increased_ratio
L22.H2,29,-0.05235395760371767,0.7586206896551724,0.10344827586206896,-0.6322737068965517,1,0.26269389252210484,0.05481811454178412,0.0003152695195428256,22612.9009177947,0.9898765827047413,1745,1198,0.7931034482758621
L16.H6,29,-0.007307381465517241,0.5517241379310345,0.06896551724137931,-0.13820043103448276,1,0.06273027856288285,0.030751225444215255,3.0733388045738485e-05,4111.331025179059,0.3920393318965517,1745,1420,0.7586206896551724
L23.H9,29,-0.0037904936691810346,0.4482758620689655,0.034482758620689655,-0.07731681034482758,1,0.014782391873926952,0.006216281695052548,1.4251676099053744e-05,6166.190609126176,0.21890574488146552,1745,1482,0.6896551724137931
